sample	strain_id	batch	clone_type	is_reference	figure	group	screen_total_het	screen_het_per_kb	screen_het_robust_z	screen_genome_het_flag	screen_clonality	screen_clonality_conf	cnv_n_disomy_with_het	cnv_n_disomy_no_het	cnv_n_mixed_chroms	gate_af_shape_hint	gate_minor_af_median	gate_minor_af_iqr	gate_frac_low_minor	gate_frac_near_half	gate_n_het_pf	gate_kmer_ploidy	gate_collapse_ratio_screen	gate_collapse_ratio_pf	gate_collapse_applicable	gate_single_colony	call_wgs_class	call_is_provisional	call_gate_status
Cn1	1	parent	parent	FALSE	NA	NA	3640	0.19268237850304107	1.4716162024943895	baseline	localized_het_anomaly	moderate	0	0	1	spread_sub_half	0.2	0.1907355887625534	0.6798679867986799	0.16501650165016502	303	NA	NA	NA	FALSE	NA	localized_het_anomaly	FALSE	kmer:NA|colony:NA
Cn2	2	parent	parent	FALSE	NA	NA	3863	0.2044868209223208	4.2063696454631305	elevated	mixed_infection_possible	moderate	0	0	0	spread_sub_half	0.18627450980392157	0.07130852809041965	0.8281622911694511	0.081145584725537	419	NA	NA	NA	FALSE	NA	mixture_candidate	TRUE	kmer:NA|colony:NA
Cn3	3	parent	parent	FALSE	NA	NA	4039	0.21380333153125905	6.364740075788235	high	ambiguous_needs_review	low	0	0	1	spread_sub_half	0.19553072625698323	0.10076114534251535	0.7881188118811882	0.09900990099009901	505	NA	NA	NA	FALSE	NA	ambiguous_needs_review	FALSE	kmer:NA|colony:NA
Cn4	4	parent	parent	FALSE	NA	NA	4101	0.21708528413213501	7.125075113743669	high	mixed_infection_likely	high	0	1	6	spread_sub_half	0.30000000000000004	0.17923395086189814	0.44126984126984126	0.24682539682539684	2520	NA	NA	NA	FALSE	NA	mixture_candidate	TRUE	kmer:NA|colony:NA
Cn5	5	parent	parent	FALSE	NA	NA	3884	0.2055984500290691	4.463902480899648	elevated	mixed_infection_possible	moderate	0	0	0	spread_sub_half	0.18840579710144928	0.07871198568872986	0.8723897911832946	0.048723897911832945	431	NA	NA	NA	FALSE	NA	mixture_candidate	TRUE	kmer:NA|colony:NA
Cn6	6	parent	parent	FALSE	NA	NA	3442	0.18220130406798554	-0.9565505316213533	baseline	monoclonal_clean	high	0	0	0	spread_sub_half	0.1896551724137931	0.13291316526610641	0.7322033898305085	0.1288135593220339	295	NA	NA	NA	FALSE	NA	monoclonal_clean	FALSE	kmer:NA|colony:NA
Cn7	7	parent	parent	FALSE	NA	NA	3722	0.1970230254912964	2.4772206075322223	elevated	mixed_infection_possible	moderate	0	0	0	spread_sub_half	0.19337606837606838	0.10372350287327214	0.7789855072463768	0.10144927536231885	276	NA	NA	NA	FALSE	NA	mixture_candidate	TRUE	kmer:NA|colony:NA
Cn8	8	parent	parent	FALSE	NA	NA	4762	0.25207513363502243	15.231227695816932	high	mixed_infection_likely	high	0	1	7	spread_sub_half	0.3005181347150259	0.17687620595105105	0.43983524566048837	0.24154162989114444	3399	NA	NA	NA	FALSE	NA	mixture_candidate	TRUE	kmer:NA|colony:NA
Cn9	9	parent	parent	FALSE	NA	NA	3753	0.19866400179173438	2.8573881265099397	elevated	mixed_infection_possible	moderate	0	1	0	spread_sub_half	0.2094240837696335	0.10552268244575938	0.7787418655097614	0.08893709327548807	461	NA	NA	NA	FALSE	NA	mixture_candidate	TRUE	kmer:NA|colony:NA
Cn10	10	parent	parent	FALSE	NA	NA	3732	0.19755237268498607	2.5998552910734216	elevated	mixed_infection_possible	moderate	0	0	1	spread_sub_half	0.2	0.100891265597148	0.7729636048526863	0.07452339688041594	577	NA	NA	NA	FALSE	NA	mixture_candidate	TRUE	kmer:NA|colony:NA
Cn11	11	parent	parent	FALSE	NA	NA	3778	0.19998736977595857	3.1639748353629376	elevated	mixed_infection_possible	moderate	0	0	1	spread_sub_half	0.20047846889952153	0.1677344028105916	0.6828703703703703	0.1574074074074074	432	NA	NA	NA	FALSE	NA	mixture_candidate	TRUE	kmer:NA|colony:NA
Cn12	12	parent	parent	FALSE	NA	NA	3994	0.2114212691596555	5.812883999852839	high	ambiguous_needs_review	low	0	1	1	spread_sub_half	0.1912568306010929	0.08382827082979807	0.8290993071593533	0.09006928406466513	433	NA	NA	NA	FALSE	NA	ambiguous_needs_review	FALSE	kmer:NA|colony:NA
Cn13	13	parent	parent	FALSE	NA	NA	4256	0.22529016563432497	9.025912708632257	high	mixed_infection_likely	high	0	0	4	spread_sub_half	0.34330357142857143	0.19541272680807564	0.4193181818181818	0.23295454545454544	880	NA	NA	NA	FALSE	NA	mixture_candidate	TRUE	kmer:NA|colony:NA
Cn14	14	parent	parent	FALSE	NA	NA	3719	0.1968642213331895	2.4404302024698628	elevated	mixed_infection_possible	moderate	0	0	2	spread_sub_half	0.21052631578947367	0.12161703686045264	0.7336244541484717	0.12518195050946143	687	NA	NA	NA	FALSE	NA	mixture_candidate	TRUE	kmer:NA|colony:NA
Cn15	15	parent	parent	FALSE	NA	NA	3986	0.2109977914047038	5.714776253019879	high	ambiguous_needs_review	low	0	0	0	spread_sub_half	0.19158878504672897	0.07899633472882955	0.8395061728395061	0.06172839506172839	567	NA	NA	NA	FALSE	NA	ambiguous_needs_review	FALSE	kmer:NA|colony:NA
Cn16	16	parent	parent	FALSE	NA	NA	3624	0.1918354229931376	1.275400708828471	baseline	localized_het_anomaly	moderate	0	0	1	spread_sub_half	0.2020334454779339	0.12442396313364054	0.7161572052401747	0.10043668122270742	458	NA	NA	NA	FALSE	NA	localized_het_anomaly	FALSE	kmer:NA|colony:NA
Cn17	17	parent	parent	FALSE	NA	NA	4081	0.21602658974475566	6.879805746661272	high	ambiguous_needs_review	low	0	2	1	spread_sub_half	0.1927710843373494	0.09817081194894062	0.7905686546463245	0.08321775312066575	721	NA	NA	NA	FALSE	NA	ambiguous_needs_review	FALSE	kmer:NA|colony:NA
Cn18	18	parent	parent	FALSE	NA	NA	3844	0.20348106125431042	3.973363746734852	elevated	mixed_infection_possible	moderate	0	1	1	spread_sub_half	0.2	0.10068471833177717	0.7805309734513274	0.09911504424778761	565	NA	NA	NA	FALSE	NA	mixture_candidate	TRUE	kmer:NA|colony:NA
Cn19	19	parent	parent	FALSE	NA	NA	3905	0.20671007913581743	4.721435316336167	elevated	mixed_infection_possible	moderate	0	1	2	spread_sub_half	0.19780219780219777	0.10099573257467992	0.7832512315270936	0.09359605911330049	609	NA	NA	NA	FALSE	NA	mixture_candidate	TRUE	kmer:NA|colony:NA
Cn20	20	parent	parent	FALSE	NA	NA	3734	0.19765824212372402	2.6243822277816613	elevated	mixed_infection_possible	moderate	0	0	1	spread_sub_half	0.19999999999999996	0.11056511056511054	0.7704194260485652	0.10154525386313466	453	NA	NA	NA	FALSE	NA	mixture_candidate	TRUE	kmer:NA|colony:NA
Cn21	21	parent	parent	FALSE	NA	NA	3815	0.20194595439261037	3.6177231644653745	elevated	mixed_infection_possible	moderate	0	0	0	spread_sub_half	0.2	0.09484503778926212	0.807909604519774	0.062146892655367235	531	NA	NA	NA	FALSE	NA	mixture_candidate	TRUE	kmer:NA|colony:NA
Cn22	22	parent	parent	FALSE	NA	NA	3952	0.2091980109461589	5.297818328979803	high	ambiguous_needs_review	low	0	0	1	spread_sub_half	0.189873417721519	0.09744064138143696	0.8220858895705522	0.08588957055214724	489	NA	NA	NA	FALSE	NA	ambiguous_needs_review	FALSE	kmer:NA|colony:NA
Cn23	23	parent	parent	FALSE	NA	NA	1699	0.08993608820787549	-22.33177587285236	baseline	monoclonal_clean	high	0	0	0	spread_sub_half	0.30576236229186576	0.1809745218148539	0.41804635761589404	0.2673841059602649	1208	NA	NA	NA	FALSE	NA	monoclonal_clean	FALSE	kmer:NA|colony:NA
Cn24	24	parent	parent	FALSE	NA	NA	3939	0.2085098595943623	5.138393240376244	high	ambiguous_needs_review	low	0	0	2	spread_sub_half	0.1797752808988764	0.07697768762677487	0.8470824949698189	0.06639839034205232	497	NA	NA	NA	FALSE	NA	ambiguous_needs_review	FALSE	kmer:NA|colony:NA
Cn25	25	parent	parent	FALSE	NA	NA	4005	0.21200355107271415	5.947782151748158	high	ambiguous_needs_review	low	0	0	2	spread_sub_half	0.17847490347490347	0.09747498680358943	0.8319502074688797	0.08713692946058091	482	NA	NA	NA	FALSE	NA	ambiguous_needs_review	FALSE	kmer:NA|colony:NA
Cn26	26	parent	parent	FALSE	NA	NA	3717	0.19675835189445157	2.415903265761623	elevated	mixed_infection_possible	moderate	0	0	0	spread_sub_half	0.20833333333333334	0.13681251596693325	0.7287581699346405	0.12091503267973856	306	NA	NA	NA	FALSE	NA	mixture_candidate	TRUE	kmer:NA|colony:NA
Cn27	27	parent	parent	FALSE	NA	NA	3674	0.19448215896158597	1.8885741265344667	baseline	localized_het_anomaly	moderate	0	0	0	spread_sub_half	0.22857142857142856	0.15920398009950246	0.6430976430976431	0.15151515151515152	297	NA	NA	NA	FALSE	NA	localized_het_anomaly	FALSE	kmer:NA|colony:NA
Cn28	28	parent	parent	FALSE	NA	NA	3930	0.2080334471200416	5.0280220251891645	high	ambiguous_needs_review	low	0	0	0	spread_sub_half	0.19399759903961583	0.12228826843813034	0.7525252525252525	0.05303030303030303	396	NA	NA	NA	FALSE	NA	ambiguous_needs_review	FALSE	kmer:NA|colony:NA
Cn29	29	parent	parent	FALSE	NA	NA	3745	0.19824052403678266	2.7592803796769805	elevated	mixed_infection_possible	moderate	0	0	1	spread_sub_half	0.19999999999999996	0.12117439718016504	0.7490196078431373	0.12941176470588237	255	NA	NA	NA	FALSE	NA	mixture_candidate	TRUE	kmer:NA|colony:NA
Cn30	30	parent	parent	FALSE	NA	NA	4425	0.23423613320768044	11.098438860478522	high	mixed_infection_likely	high	0	1	6	spread_sub_half	0.2857142857142857	0.1996996996996997	0.4879057924888606	0.22915340547422025	3142	NA	NA	NA	FALSE	NA	mixture_candidate	TRUE	kmer:NA|colony:NA
Cn31	31	parent	parent	FALSE	NA	NA	3539	0.1873359718467754	0.23300589872827834	baseline	monoclonal_clean	high	0	0	0	spread_sub_half	0.21739130434782608	0.1531606227124754	0.6813725490196079	0.1568627450980392	408	NA	NA	NA	FALSE	NA	monoclonal_clean	FALSE	kmer:NA|colony:NA
Cn32	32	parent	parent	FALSE	NA	NA	3892	0.20602192778402084	4.562010227732608	elevated	mixed_infection_possible	moderate	0	0	2	spread_sub_half	0.3111111111111111	0.18150552323026814	0.41002087682672234	0.2651356993736952	2395	NA	NA	NA	FALSE	NA	mixture_candidate	TRUE	kmer:NA|colony:NA
Cn33	33	parent	parent	FALSE	NA	NA	3747	0.19834639347552058	2.78380731638522	elevated	mixed_infection_possible	moderate	0	0	0	spread_sub_half	0.19399641577060933	0.09489273495108683	0.7832167832167832	0.0944055944055944	286	NA	NA	NA	FALSE	NA	mixture_candidate	TRUE	kmer:NA|colony:NA
Cn34	34	parent	parent	FALSE	NA	NA	3843	0.20342812653494144	3.961100278380732	elevated	mixed_infection_possible	moderate	0	0	1	spread_sub_half	0.18719211822660098	0.07776908023483364	0.802675585284281	0.11371237458193979	299	NA	NA	NA	FALSE	NA	mixture_candidate	TRUE	kmer:NA|colony:NA
Cn35	35	parent	parent	FALSE	NA	NA	4040	0.213856266250628	6.377003544142355	high	ambiguous_needs_review	low	0	1	1	spread_sub_half	0.1900093370681606	0.09121136865342164	0.8108974358974359	0.060897435897435896	624	NA	NA	NA	FALSE	NA	ambiguous_needs_review	FALSE	kmer:NA|colony:NA
Cn36	36	parent	parent	FALSE	NA	NA	1603	0.08485435514845463	-23.509068834847874	baseline	monoclonal_clean	high	0	0	0	spread_sub_half	0.3	0.18176507101909667	0.4315004659832246	0.2618825722273998	1073	NA	NA	NA	FALSE	NA	monoclonal_clean	FALSE	kmer:NA|colony:NA
Cn37	37	parent	parent	FALSE	NA	NA	3587	0.1898768383764858	0.8216523797260342	baseline	localized_het_anomaly	moderate	0	0	1	spread_sub_half	0.24090909090909096	0.17236024844720493	0.6010498687664042	0.1679790026246719	381	NA	NA	NA	FALSE	NA	localized_het_anomaly	FALSE	kmer:NA|colony:NA
Cn38	38	parent	parent	FALSE	NA	NA	3790	0.20062258640838618	3.3111364556123766	elevated	mixed_infection_possible	moderate	0	0	1	spread_sub_half	0.21665450232643008	0.15192956310298844	0.6976744186046512	0.13953488372093023	516	NA	NA	NA	FALSE	NA	mixture_candidate	TRUE	kmer:NA|colony:NA
Cn39	39	parent	parent	FALSE	NA	NA	3828	0.20263410574440693	3.7771482530689333	elevated	mixed_infection_possible	moderate	0	0	0	spread_sub_half	0.20689655172413793	0.10015527950310557	0.7905138339920948	0.11857707509881422	253	NA	NA	NA	FALSE	NA	mixture_candidate	TRUE	kmer:NA|colony:NA
Cn40	40	parent	parent	FALSE	NA	NA	4032	0.21343278849567626	6.278895797309396	high	mixed_infection_likely	high	0	0	3	spread_sub_half	0.1875	0.10576158607155436	0.7956349206349206	0.09126984126984126	504	NA	NA	NA	FALSE	NA	mixture_candidate	TRUE	kmer:NA|colony:NA
Cn41	41	parent	parent	FALSE	NA	NA	3918	0.207398230487614	4.8808604049397255	elevated	mixed_infection_possible	moderate	0	1	0	spread_sub_half	0.20742874021562546	0.10527371567270466	0.7574850299401198	0.10778443113772455	334	NA	NA	NA	FALSE	NA	mixture_candidate	TRUE	kmer:NA|colony:NA
Cn42	42	parent	parent	FALSE	NA	NA	3959	0.20956855398174165	5.383662607458642	high	ambiguous_needs_review	low	0	1	2	spread_sub_half	0.1785714285714286	0.08351449275362316	0.8347639484978541	0.060085836909871244	466	NA	NA	NA	FALSE	NA	ambiguous_needs_review	FALSE	kmer:NA|colony:NA
Cn43	43	parent	parent	FALSE	NA	NA	3814	0.2018930196732414	3.6054596961112546	elevated	mixed_infection_possible	moderate	0	0	0	spread_sub_half	0.22580645161290325	0.19169105351170568	0.6306620209059234	0.14285714285714285	287	NA	NA	NA	FALSE	NA	mixture_candidate	TRUE	kmer:NA|colony:NA
Cn44	44	parent	parent	FALSE	NA	NA	4001	0.2117918121952383	5.898728278331678	high	ambiguous_needs_review	low	0	0	2	spread_sub_half	0.19155306408459677	0.10118606949053463	0.8125	0.0875	560	NA	NA	NA	FALSE	NA	ambiguous_needs_review	FALSE	kmer:NA|colony:NA
Cn45	45	parent	parent	FALSE	NA	NA	3754	0.19871693651110336	2.8696515948640595	elevated	mixed_infection_possible	moderate	0	2	0	spread_sub_half	0.18939393939393945	0.10439566786772986	0.7822878228782287	0.0959409594095941	271	NA	NA	NA	FALSE	NA	mixture_candidate	TRUE	kmer:NA|colony:NA
Cn46	46	parent	parent	FALSE	NA	NA	3722	0.1970230254912964	2.4772206075322223	elevated	mixed_infection_possible	moderate	0	0	2	spread_sub_half	0.20512820512820512	0.1405512422360248	0.7211538461538461	0.12179487179487179	312	NA	NA	NA	FALSE	NA	mixture_candidate	TRUE	kmer:NA|colony:NA
Cn47	47	parent	parent	FALSE	NA	NA	3909	0.2069218180132933	4.770489189752646	elevated	mixed_infection_possible	moderate	0	0	2	spread_sub_half	0.22727272727272727	0.13478415662912552	0.6763005780346821	0.11849710982658959	346	NA	NA	NA	FALSE	NA	mixture_candidate	TRUE	kmer:NA|colony:NA
Cn48	48	parent	parent	FALSE	NA	NA	4102	0.217138218851504	7.137338582097789	high	ambiguous_needs_review	low	0	0	2	spread_sub_half	0.1773926416656808	0.07503810491035573	0.8578595317725752	0.056856187290969896	598	NA	NA	NA	FALSE	NA	ambiguous_needs_review	FALSE	kmer:NA|colony:NA
Cn49	49	parent	parent	FALSE	NA	NA	4169	0.2206848450492248	7.958990961823824	high	mixed_infection_likely	high	0	0	7	spread_sub_half	0.3234026369168357	0.17955837548289455	0.37774725274725274	0.2857142857142857	2912	NA	NA	NA	FALSE	NA	mixture_candidate	TRUE	kmer:NA|colony:NA
Cn50	50	parent	parent	FALSE	NA	NA	3496	0.1850597789139098	-0.2943232404988779	baseline	monoclonal_clean	high	0	0	0	spread_sub_half	0.21428571428571427	0.11876750700280111	0.6972477064220184	0.1559633027522936	109	NA	NA	NA	FALSE	NA	monoclonal_clean	FALSE	kmer:NA|colony:NA
Cn51	51	parent	parent	FALSE	NA	NA	3198	0.16928523254195751	-3.948836810026612	baseline	monoclonal_clean	high	0	0	0	spread_sub_half	0.29545454545454547	0.21129486277269532	0.4666666666666667	0.25925925925925924	135	NA	NA	NA	FALSE	NA	monoclonal_clean	FALSE	kmer:NA|colony:NA
Cn52	52	parent	parent	FALSE	NA	NA	3524	0.18654195105624086	0.049053873416479654	baseline	monoclonal_clean	high	0	0	0	spread_sub_half	0.2762128325508607	0.18048537234042555	0.5058823529411764	0.2235294117647059	170	NA	NA	NA	FALSE	NA	monoclonal_clean	FALSE	kmer:NA|colony:NA
Cn53	53	parent	parent	FALSE	NA	NA	1339	0.07087958923504725	-26.74662448033553	baseline	monoclonal_with_disomy	high	0	1	0	spread_sub_half	0.3243843843843844	0.17722578215342832	0.3811188811188811	0.30652680652680653	858	NA	NA	NA	FALSE	NA	monoclonal_with_disomy	FALSE	kmer:NA|colony:NA
Cn54	54	parent	parent	FALSE	NA	NA	3555	0.18818292735667885	0.429221392394197	baseline	monoclonal_clean	high	0	0	0	spread_sub_half	0.2682926829268293	0.17794486215538852	0.5207100591715976	0.21301775147928995	169	NA	NA	NA	FALSE	NA	monoclonal_clean	FALSE	kmer:NA|colony:NA
Cn55	55	parent	parent	FALSE	NA	NA	3298	0.17457870447885426	-2.722489974614621	baseline	monoclonal_clean	high	0	0	0	spread_sub_half	0.29289215686274506	0.16997953027364787	0.4866666666666667	0.23333333333333334	150	NA	NA	NA	FALSE	NA	monoclonal_clean	FALSE	kmer:NA|colony:NA
Cn56	56	parent	parent	FALSE	NA	NA	3549	0.18786531904046505	0.3556405822694775	baseline	monoclonal_clean	high	0	0	0	spread_sub_half	0.2471918202764977	0.18066539801776588	0.6	0.21764705882352942	170	NA	NA	NA	FALSE	NA	monoclonal_clean	FALSE	kmer:NA|colony:NA
Cn57	57	parent	parent	FALSE	NA	NA	3553	0.1880770579179409	0.40469445568595713	baseline	monoclonal_clean	high	0	0	0	spread_sub_half	0.26666666666666666	0.17176470588235293	0.5491329479768786	0.1907514450867052	173	NA	NA	NA	FALSE	NA	monoclonal_clean	FALSE	kmer:NA|colony:NA
Cn58	58	parent	parent	FALSE	NA	NA	3458	0.18304825957788903	-0.7603350379554347	baseline	monoclonal_clean	high	0	0	0	spread_sub_half	0.28205128205128205	0.15857142857142853	0.4961832061068702	0.1984732824427481	131	NA	NA	NA	FALSE	NA	monoclonal_clean	FALSE	kmer:NA|colony:NA
Cn59	59	parent	parent	FALSE	NA	NA	3559	0.18839466623415474	0.47827526581067664	baseline	monoclonal_with_disomy	high	0	1	0	spread_sub_half	0.24941314553990612	0.19052260000535864	0.6236559139784946	0.1827956989247312	186	NA	NA	NA	FALSE	NA	monoclonal_with_disomy	FALSE	kmer:NA|colony:NA
Cn60	60	parent	parent	FALSE	NA	NA	3495	0.1850068441945408	-0.3065867088529978	baseline	monoclonal_clean	high	0	0	0	spread_sub_half	0.2309203142536476	0.13790326407266584	0.6857142857142857	0.15714285714285714	140	NA	NA	NA	FALSE	NA	monoclonal_clean	FALSE	kmer:NA|colony:NA
Cn61	61	parent	parent	FALSE	NA	NA	3559	0.18839466623415474	0.47827526581067664	baseline	monoclonal_clean	high	0	0	0	spread_sub_half	0.23809523809523808	0.18265536723163844	0.6024844720496895	0.19254658385093168	161	NA	NA	NA	FALSE	NA	monoclonal_clean	FALSE	kmer:NA|colony:NA
Cn62	62	parent	parent	FALSE	NA	NA	3479	0.18415988868463734	-0.5028022025189165	baseline	monoclonal_clean	high	0	0	0	spread_sub_half	0.30800000000000005	0.18283242258652088	0.4217687074829932	0.23809523809523808	147	NA	NA	NA	FALSE	NA	monoclonal_clean	FALSE	kmer:NA|colony:NA
Cn63	63	parent	parent	FALSE	NA	NA	3650	0.19321172569673076	1.5942508860355888	baseline	monoclonal_clean	high	0	0	0	spread_sub_half	0.2383658008658009	0.17473916408668733	0.6463414634146342	0.17479674796747968	246	NA	NA	NA	FALSE	NA	monoclonal_clean	FALSE	kmer:NA|colony:NA
Cn64	64	parent	parent	FALSE	NA	NA	1304	0.0690268740571334	-27.175845872729727	baseline	monoclonal_clean	high	0	0	0	spread_sub_half	0.32682926829268294	0.19480519480519481	0.375736160188457	0.3286219081272085	849	NA	NA	NA	FALSE	NA	monoclonal_clean	FALSE	kmer:NA|colony:NA
Cn65	65	parent	parent	FALSE	NA	NA	3391	0.17950163338016822	-1.5819874176814688	baseline	monoclonal_clean	high	0	0	0	spread_sub_half	0.26954373728567277	0.20707070707070713	0.5185185185185185	0.23148148148148148	108	NA	NA	NA	FALSE	NA	monoclonal_clean	FALSE	kmer:NA|colony:NA
Cn66	66	parent	parent	FALSE	NA	NA	3516	0.18611847330128914	-0.049053873416479654	baseline	monoclonal_clean	high	0	0	0	spread_sub_half	0.21980676328502413	0.16418107430810547	0.6736111111111112	0.14583333333333334	144	NA	NA	NA	FALSE	NA	monoclonal_clean	FALSE	kmer:NA|colony:NA
Cn67	67	parent	parent	FALSE	NA	NA	249	0.013180745122872865	-40.11380498632624	baseline	monoclonal_clean	high	0	0	0	spread_sub_half	0.29411764705882354	0.11969993476842794	0.43410852713178294	0.15503875968992248	129	NA	NA	NA	FALSE	NA	monoclonal_clean	FALSE	kmer:NA|colony:NA
Cn68	68	parent	parent	FALSE	NA	NA	275	0.014557047826466015	-39.79495480911912	baseline	monoclonal_clean	high	0	0	0	spread_sub_half	0.287370811601455	0.12775290323264255	0.4605263157894737	0.13157894736842105	152	NA	NA	NA	FALSE	NA	monoclonal_clean	FALSE	kmer:NA|colony:NA
Cn69	69	parent	parent	FALSE	NA	NA	294	0.015562807494476395	-39.56194891039084	baseline	monoclonal_clean	high	0	0	0	spread_sub_half	0.2912621359223301	0.13381245585778703	0.4662576687116564	0.17177914110429449	163	NA	NA	NA	FALSE	NA	monoclonal_clean	FALSE	kmer:NA|colony:NA
Cn70	70	parent	parent	FALSE	NA	NA	274	0.014504113107097049	-39.80721827747324	baseline	monoclonal_clean	high	0	0	0	spread_sub_half	0.2897727272727273	0.1371523221225167	0.4968553459119497	0.16352201257861634	159	NA	NA	NA	FALSE	NA	monoclonal_clean	FALSE	kmer:NA|colony:NA
Cn71	71	parent	parent	FALSE	NA	NA	3359	0.17780772236036127	-1.974418405013306	baseline	monoclonal_clean	high	0	0	0	spread_sub_half	0.23255813953488372	0.1282191780821918	0.6446280991735537	0.1652892561983471	121	NA	NA	NA	FALSE	NA	monoclonal_clean	FALSE	kmer:NA|colony:NA
Cn72	72	parent	parent	FALSE	NA	NA	3346	0.17711957100856468	-2.133843493616865	baseline	monoclonal_with_disomy	high	0	1	0	spread_sub_half	0.28301886792452835	0.18291316526610646	0.48299319727891155	0.23809523809523808	147	NA	NA	NA	FALSE	NA	monoclonal_with_disomy	FALSE	kmer:NA|colony:NA
Cn73	73	parent	parent	FALSE	NA	NA	242	0.012810202087290093	-40.199649264805075	baseline	monoclonal_clean	high	0	0	0	spread_sub_half	0.2873578526790288	0.1316183945046891	0.4765625	0.1328125	128	NA	NA	NA	FALSE	NA	monoclonal_clean	FALSE	kmer:NA|colony:NA
Cn74	74	parent	parent	FALSE	NA	NA	240	0.012704332648552159	-40.224176201513316	baseline	monoclonal_clean	high	0	0	0	spread_sub_half	0.29603547209181014	0.1308474867253245	0.4344262295081967	0.19672131147540983	122	NA	NA	NA	FALSE	NA	monoclonal_clean	FALSE	kmer:NA|colony:NA
Cn75	75	parent	parent	FALSE	NA	NA	266	0.01408063535214531	-39.9053260243062	baseline	monoclonal_clean	high	0	0	0	spread_sub_half	0.28440366972477066	0.1274733849841146	0.49019607843137253	0.13071895424836602	153	NA	NA	NA	FALSE	NA	monoclonal_clean	FALSE	kmer:NA|colony:NA
Cn76	76	parent	parent	FALSE	NA	NA	290	0.015351068617000526	-39.61100278380732	baseline	monoclonal_clean	high	0	0	0	spread_sub_half	0.27025162337662334	0.14529612098148628	0.5459770114942529	0.16091954022988506	174	NA	NA	NA	FALSE	NA	monoclonal_clean	FALSE	kmer:NA|colony:NA
Cn77	77	parent	parent	FALSE	NA	NA	3610	0.19109433692197206	1.1037121518707922	baseline	localized_het_anomaly	moderate	0	0	3	spread_sub_half	0.32824160447761197	0.1705457054499038	0.36933962264150944	0.2929245283018868	2120	NA	NA	NA	FALSE	NA	localized_het_anomaly	FALSE	kmer:NA|colony:NA
Cn78	78	parent	parent	FALSE	NA	NA	3527	0.18670075521434779	0.0858442784788394	baseline	monoclonal_clean	high	0	0	0	spread_sub_half	0.21951219512195122	0.16666666666666666	0.674074074074074	0.1925925925925926	135	NA	NA	NA	FALSE	NA	monoclonal_clean	FALSE	kmer:NA|colony:NA
Cn79	79	parent	parent	FALSE	NA	NA	432	0.022867798767393886	-37.86959027752229	baseline	monoclonal_clean	high	0	0	0	spread_sub_half	0.29333333333333333	0.14872973174167423	0.4790697674418605	0.19069767441860466	215	NA	NA	NA	FALSE	NA	monoclonal_clean	FALSE	kmer:NA|colony:NA
Cn80	80	parent	parent	FALSE	NA	NA	4064	0.21512669951548322	6.6713267846412325	high	ambiguous_needs_review	low	0	1	2	spread_sub_half	0.31742581090407174	0.1666666666666667	0.3872688477951636	0.26386913229018494	2812	NA	NA	NA	FALSE	NA	ambiguous_needs_review	FALSE	kmer:NA|colony:NA
Cn81	81	parent	parent	FALSE	NA	NA	3703	0.19601726582328602	2.2442147088039444	elevated	mixed_infection_possible	moderate	0	0	0	spread_sub_half	0.20833333333333334	0.13207882385022457	0.685	0.105	200	NA	NA	NA	FALSE	NA	mixture_candidate	TRUE	kmer:NA|colony:NA
Cn82	82	parent	parent	FALSE	NA	NA	3520	0.186330212178765	0	baseline	monoclonal_clean	high	0	0	0	spread_sub_half	0.25	0.18723290598290598	0.5988023952095808	0.17365269461077845	167	NA	NA	NA	FALSE	NA	monoclonal_clean	FALSE	kmer:NA|colony:NA
Cn83	83	parent	parent	FALSE	NA	NA	3599	0.1905120550089134	0.9688139999754731	baseline	monoclonal_clean	high	0	0	0	spread_sub_half	0.2801724137931034	0.17850232198142416	0.4939759036144578	0.1746987951807229	166	NA	NA	NA	FALSE	NA	monoclonal_clean	FALSE	kmer:NA|colony:NA
Cn84	84	parent	parent	FALSE	NA	NA	3575	0.1892416217440582	0.6744907594765952	baseline	monoclonal_with_disomy	high	0	1	0	spread_sub_half	0.23270534290271133	0.14529454022988503	0.6582278481012658	0.16455696202531644	158	NA	NA	NA	FALSE	NA	monoclonal_with_disomy	FALSE	kmer:NA|colony:NA
Cn85	85	parent	parent	FALSE	NA	NA	3820	0.2022106279894552	3.679040506235974	elevated	mixed_infection_likely	moderate	0	0	4	spread_sub_half	0.3269230769230769	0.17222222222222225	0.36662106703146374	0.30506155950752395	2193	NA	NA	NA	FALSE	NA	mixture_candidate	TRUE	kmer:NA|colony:NA
Cn86	86	parent	parent	FALSE	NA	NA	4160	0.22020843257490408	7.848619746636745	high	ambiguous_needs_review	low	0	0	2	spread_sub_half	0.31450969970768006	0.16892602666480688	0.3924358084663428	0.26648160999306036	2882	NA	NA	NA	FALSE	NA	ambiguous_needs_review	FALSE	kmer:NA|colony:NA
Cn87	87	parent	parent	FALSE	NA	NA	441	0.023344211241714593	-37.75921906233521	baseline	monoclonal_clean	high	0	0	0	spread_sub_half	0.27339039097451856	0.12575462293799727	0.5245901639344263	0.1557377049180328	244	NA	NA	NA	FALSE	NA	monoclonal_clean	FALSE	kmer:NA|colony:NA
Cn88	88	parent	parent	FALSE	NA	NA	3638	0.19257650906430315	1.4470892657861498	baseline	monoclonal_clean	high	0	0	0	spread_sub_half	0.19424460431654678	0.1261398176291793	0.7320261437908496	0.17647058823529413	153	NA	NA	NA	FALSE	NA	monoclonal_clean	FALSE	kmer:NA|colony:NA
Cn89	89	parent	parent	FALSE	NA	NA	3595	0.19030031613143755	0.9197601265589935	baseline	monoclonal_clean	high	0	0	0	spread_sub_half	0.22295321637426901	0.1331280414521096	0.689873417721519	0.12658227848101267	158	NA	NA	NA	FALSE	NA	monoclonal_clean	FALSE	kmer:NA|colony:NA
Cn90	90	parent	parent	FALSE	NA	NA	3701	0.19591139638454808	2.2196877720957042	elevated	mixed_infection_possible	moderate	0	0	0	spread_sub_half	0.2062408818284973	0.10186757215619702	0.76	0.12	150	NA	NA	NA	FALSE	NA	mixture_candidate	TRUE	kmer:NA|colony:NA
Cn91	91	parent	parent	FALSE	NA	NA	3656	0.19352933401294456	1.6678316961603081	baseline	monoclonal_clean	high	0	0	0	spread_sub_half	0.1907943925233645	0.1016522818000489	0.7708333333333334	0.125	240	NA	NA	NA	FALSE	NA	monoclonal_clean	FALSE	kmer:NA|colony:NA
Cn92	92	parent	parent	FALSE	NA	NA	3574	0.18918868702468924	0.6622272911224754	baseline	monoclonal_clean	high	0	0	0	spread_sub_half	0.21971037811745775	0.16106533861024877	0.7027027027027027	0.1554054054054054	148	NA	NA	NA	FALSE	NA	monoclonal_clean	FALSE	kmer:NA|colony:NA
Cn93	93	parent	parent	FALSE	NA	NA	3626	0.19194129243187555	1.2999276455367108	baseline	monoclonal_clean	high	0	0	0	spread_sub_half	0.22861842105263158	0.13030124044101513	0.7101449275362319	0.12318840579710146	138	NA	NA	NA	FALSE	NA	monoclonal_clean	FALSE	kmer:NA|colony:NA
Cn94	94	parent	parent	FALSE	NA	NA	3658	0.1936352034516825	1.692358632868548	baseline	monoclonal_clean	high	0	0	0	spread_sub_half	0.21808510638297873	0.15675675675675677	0.6369426751592356	0.1464968152866242	157	NA	NA	NA	FALSE	NA	monoclonal_clean	FALSE	kmer:NA|colony:NA
Cn95	95	parent	parent	FALSE	NA	NA	3902	0.20655127497771053	4.684644911273807	elevated	mixed_infection_possible	moderate	0	0	1	spread_sub_half	0.18098644578313255	0.06344139913344068	0.8841201716738197	0.04721030042918455	466	NA	NA	NA	FALSE	NA	mixture_candidate	TRUE	kmer:NA|colony:NA
Cn96	96	parent	parent	FALSE	NA	NA	3502	0.1853773872301236	-0.22074243037415844	baseline	monoclonal_with_disomy	high	0	1	0	spread_sub_half	0.2777777777777778	0.21374163470937665	0.5031446540880503	0.2578616352201258	159	NA	NA	NA	FALSE	NA	monoclonal_with_disomy	FALSE	kmer:NA|colony:NA
Cn97	97	parent	parent	FALSE	NA	NA	3335	0.17653728909550603	-2.268741645512184	baseline	monoclonal_clean	high	0	0	0	spread_sub_half	0.31079545454545454	0.17630029139927833	0.4421052631578947	0.21578947368421053	190	NA	NA	NA	FALSE	NA	monoclonal_clean	FALSE	kmer:NA|colony:NA
Cn99	99	parent	parent	FALSE	NA	NA	3467	0.18352467205220974	-0.6499638227683554	baseline	monoclonal_clean	high	0	0	0	spread_sub_half	0.2777777777777778	0.18666666666666668	0.504424778761062	0.25663716814159293	113	NA	NA	NA	FALSE	NA	monoclonal_clean	FALSE	kmer:NA|colony:NA
Cn100	100	parent	parent	FALSE	NA	NA	3326	0.17606087662118533	-2.379112860699263	baseline	monoclonal_with_disomy	high	0	1	0	spread_sub_half	0.25	0.19852538682430654	0.5723270440251572	0.2138364779874214	159	NA	NA	NA	FALSE	NA	monoclonal_with_disomy	FALSE	kmer:NA|colony:NA
Cn10101	101	01	clone	FALSE	Fig4	HR	3554	0.1881299926373099	0.41695792404007703	baseline	monoclonal_with_disomy	high	0	1	0	spread_sub_half	0.22535211267605634	0.09004968189621892	0.7614678899082569	0.10091743119266056	218	haploid	1.0073696145124718	1.3625	FALSE	NA	monoclonal_with_disomy	FALSE	kmer:haploid|colony:NA
Cn10102	101	02	clone	FALSE	Fig3	HR	3513	0.18595966914318224	-0.0858442784788394	baseline	monoclonal_clean	high	0	0	0	spread_sub_half	0.2635233918128655	0.15399239584022195	0.5426829268292683	0.10365853658536585	164	haploid	1.0073696145124718	1.3625	FALSE	NA	monoclonal_clean	FALSE	kmer:haploid|colony:NA
Cn10103	101	03	clone	FALSE	Fig5	HR	3555	0.18818292735667885	0.429221392394197	baseline	monoclonal_clean	high	0	0	0	spread_sub_half	0.26153846153846155	0.15023014367037135	0.5847953216374269	0.14035087719298245	171	haploid	1.0073696145124718	1.3625	FALSE	NA	monoclonal_clean	FALSE	kmer:haploid|colony:NA
Cn101	101	parent	parent	FALSE	NA	HR	3528	0.18675368993371674	0.09810774683295931	baseline	monoclonal_clean	high	0	0	0	spread_sub_half	0.29411764705882354	0.18344054435933665	0.45	0.2625	160	haploid	1.0073696145124718	1.3625	FALSE	NA	monoclonal_clean	FALSE	kmer:haploid|colony:NA
Cn102	102	parent	parent	FALSE	NA	NA	3632	0.19225890074808935	1.3735084556614303	baseline	monoclonal_with_disomy	high	0	2	0	spread_sub_half	0.2559241706161137	0.11398160198448815	0.6484018264840182	0.1324200913242009	219	NA	NA	NA	FALSE	NA	monoclonal_with_disomy	FALSE	kmer:NA|colony:NA
Cn103	103	parent	parent	FALSE	NA	NA	3642	0.192788247941779	1.4961431392026294	baseline	monoclonal_clean	high	0	0	0	spread_sub_half	0.2608695652173913	0.20769230769230773	0.5502958579881657	0.25443786982248523	169	NA	NA	NA	FALSE	NA	monoclonal_clean	FALSE	kmer:NA|colony:NA
Cn104	104	parent	parent	FALSE	NA	NA	3525	0.18659488577560984	0.06131734177059957	baseline	monoclonal_clean	high	0	0	0	spread_sub_half	0.25	0.1538591535010262	0.6306306306306306	0.16216216216216217	111	NA	NA	NA	FALSE	NA	monoclonal_clean	FALSE	kmer:NA|colony:NA
Cn105	105	parent	parent	FALSE	NA	NA	3500	0.18527151779138565	-0.24526936708239827	baseline	monoclonal_clean	high	0	0	0	spread_sub_half	0.2777777777777778	0.1709251101321586	0.5100671140939598	0.2684563758389262	149	NA	NA	NA	FALSE	NA	monoclonal_clean	FALSE	kmer:NA|colony:NA
Cn10601	106	01	clone	FALSE	Fig4	HR	3469	0.18363054149094768	-0.6254368860601156	baseline	monoclonal_with_disomy	high	0	1	0	spread_sub_half	0.25862068965517243	0.12849180963458368	0.6114285714285714	0.10857142857142857	175	haploid	1.060531947416692	1.3779527559055118	FALSE	NA	monoclonal_with_disomy	FALSE	kmer:haploid|colony:NA
Cn10602	106	02	clone	FALSE	Fig3	HR	3464	0.18336586789410284	-0.6867542278307152	baseline	monoclonal_clean	high	0	0	0	spread_sub_half	0.2581967213114754	0.15309873949579836	0.5652173913043478	0.16149068322981366	161	haploid	1.060531947416692	1.3779527559055118	FALSE	NA	monoclonal_clean	FALSE	kmer:haploid|colony:NA
Cn10603	106	03	clone	FALSE	Fig5	HR	3448	0.18251891238419934	-0.8829697214966338	baseline	monoclonal_clean	high	0	0	0	spread_sub_half	0.28	0.1935286935286935	0.4962962962962963	0.2074074074074074	135	haploid	1.060531947416692	1.3779527559055118	FALSE	NA	monoclonal_clean	FALSE	kmer:haploid|colony:NA
Cn106	106	parent	parent	FALSE	NA	HR	3271	0.17314946705589213	-3.0536036201758585	baseline	monoclonal_clean	high	0	0	0	spread_sub_half	0.2727272727272727	0.2063829787234043	0.5039370078740157	0.25984251968503935	127	haploid	1.060531947416692	1.3779527559055118	FALSE	NA	monoclonal_clean	FALSE	kmer:haploid|colony:NA
Cn107	107	parent	parent	FALSE	NA	NA	3307	0.17505511695317497	-2.6121187594275415	baseline	monoclonal_clean	high	0	0	0	spread_sub_half	0.29500460405156537	0.19323964661947488	0.46923076923076923	0.23846153846153847	130	NA	NA	NA	FALSE	NA	monoclonal_clean	FALSE	kmer:NA|colony:NA
Cn108	108	parent	parent	FALSE	NA	NA	3420	0.18103674024186828	-1.2263468354119913	baseline	monoclonal_clean	high	0	0	0	spread_sub_half	0.28448275862068967	0.19109254896361338	0.4878048780487805	0.25203252032520324	123	NA	NA	NA	FALSE	NA	monoclonal_clean	FALSE	kmer:NA|colony:NA
Cn109	109	parent	parent	FALSE	NA	NA	3613	0.19125314108007896	1.140502556933152	baseline	monoclonal_clean	high	0	0	0	spread_sub_half	0.23696682464454977	0.1295615703908682	0.6687116564417178	0.08588957055214724	163	NA	NA	NA	FALSE	NA	monoclonal_clean	FALSE	kmer:NA|colony:NA
Cn110	110	parent	parent	FALSE	NA	NA	3466	0.18347173733284078	-0.6622272911224754	baseline	monoclonal_clean	high	0	0	0	spread_sub_half	0.23333333333333334	0.1852645106018419	0.6494845360824743	0.17525773195876287	97	NA	NA	NA	FALSE	NA	monoclonal_clean	FALSE	kmer:NA|colony:NA
Cn111	111	parent	parent	FALSE	NA	NA	3468	0.1835776067715787	-0.6377003544142354	baseline	monoclonal_with_disomy	high	0	1	0	spread_sub_half	0.22119815668202766	0.14161490683229816	0.6837606837606838	0.18803418803418803	117	NA	NA	NA	FALSE	NA	monoclonal_with_disomy	FALSE	kmer:NA|colony:NA
Cn112	112	parent	parent	FALSE	NA	NA	3404	0.18018978473196479	-1.42256232907791	baseline	monoclonal_clean	high	0	0	0	spread_sub_half	0.3076923076923077	0.20032051282051283	0.375	0.2833333333333333	120	NA	NA	NA	FALSE	NA	monoclonal_clean	FALSE	kmer:NA|colony:NA
Cn113	113	parent	parent	FALSE	NA	NA	3412	0.18061326248691653	-1.3244545822449507	baseline	monoclonal_clean	high	0	0	0	spread_sub_half	0.25	0.14809943495193717	0.578125	0.1640625	128	NA	NA	NA	FALSE	NA	monoclonal_clean	FALSE	kmer:NA|colony:NA
Cn114	114	parent	parent	FALSE	NA	NA	3411	0.18056032776754757	-1.3367180505990706	baseline	monoclonal_with_disomy	high	0	2	0	spread_sub_half	0.25	0.14329515214624555	0.5585585585585585	0.16216216216216217	111	NA	NA	NA	FALSE	NA	monoclonal_with_disomy	FALSE	kmer:NA|colony:NA
Cn115	115	parent	parent	FALSE	NA	NA	3338	0.17669609325361293	-2.231951240449824	baseline	monoclonal_clean	high	0	0	0	spread_sub_half	0.2941176470588235	0.18131425740121387	0.48344370860927155	0.1986754966887417	151	NA	NA	NA	FALSE	NA	monoclonal_clean	FALSE	kmer:NA|colony:NA
Cn116	116	parent	parent	FALSE	NA	NA	3347	0.17717250572793367	-2.121580025262745	baseline	monoclonal_clean	high	0	0	0	spread_sub_half	0.33043478260869563	0.18939393939393942	0.3418803418803419	0.29914529914529914	117	NA	NA	NA	FALSE	NA	monoclonal_clean	FALSE	kmer:NA|colony:NA
Cn117	117	parent	parent	FALSE	NA	NA	3495	0.1850068441945408	-0.3065867088529978	baseline	monoclonal_clean	high	0	0	0	spread_sub_half	0.2384169884169884	0.15178356657474468	0.6333333333333333	0.15	120	NA	NA	NA	FALSE	NA	monoclonal_clean	FALSE	kmer:NA|colony:NA
Cn118	118	parent	parent	FALSE	NA	NA	3417	0.18087793608376138	-1.263137240474351	baseline	monoclonal_with_disomy	high	0	1	0	spread_sub_half	0.24662162162162163	0.13857466063348414	0.6111111111111112	0.1111111111111111	90	NA	NA	NA	FALSE	NA	monoclonal_with_disomy	FALSE	kmer:NA|colony:NA
Cn119	119	parent	parent	FALSE	NA	NA	3440	0.18209543462924763	-0.9810774683295931	baseline	monoclonal_with_disomy	high	0	1	0	spread_sub_half	0.25	0.16455026455026456	0.6131386861313869	0.145985401459854	137	NA	NA	NA	FALSE	NA	monoclonal_with_disomy	FALSE	kmer:NA|colony:NA
Cn120	120	parent	parent	FALSE	NA	NA	3359	0.17780772236036127	-1.974418405013306	baseline	monoclonal_clean	high	0	0	0	spread_sub_half	0.2840909090909091	0.15164835164835166	0.49166666666666664	0.24166666666666667	120	NA	NA	NA	FALSE	NA	monoclonal_clean	FALSE	kmer:NA|colony:NA
Cn121	121	parent	parent	FALSE	NA	NA	3488	0.18463630115895804	-0.39243098733183723	baseline	monoclonal_clean	high	0	0	0	spread_sub_half	0.2777777777777778	0.1544486215538847	0.5287958115183246	0.2094240837696335	191	NA	NA	NA	FALSE	NA	monoclonal_clean	FALSE	kmer:NA|colony:NA
Cn122	122	parent	parent	FALSE	NA	NA	3267	0.17293772817841627	-3.102657493592338	baseline	monoclonal_clean	high	0	0	0	spread_sub_half	0.26047962565802296	0.15850496697352678	0.5660377358490566	0.2358490566037736	106	NA	NA	NA	FALSE	NA	monoclonal_clean	FALSE	kmer:NA|colony:NA
Cn123	123	parent	parent	FALSE	NA	NA	3487	0.18458336643958909	-0.40469445568595713	baseline	monoclonal_clean	high	0	0	0	spread_sub_half	0.27380952380952384	0.1725490196078432	0.5263157894736842	0.18796992481203006	133	NA	NA	NA	FALSE	NA	monoclonal_clean	FALSE	kmer:NA|colony:NA
Cn124	124	parent	parent	FALSE	NA	NA	3241	0.17156142547482311	-3.4215076707994556	baseline	monoclonal_clean	high	0	0	0	spread_sub_half	0.27879714576962283	0.21605671752730574	0.5094339622641509	0.29245283018867924	106	NA	NA	NA	FALSE	NA	monoclonal_clean	FALSE	kmer:NA|colony:NA
Cn125	125	parent	parent	FALSE	NA	NA	3363	0.17801946123783713	-1.9253645315968264	baseline	monoclonal_clean	high	0	0	0	spread_sub_half	0.2727272727272727	0.20630630630630634	0.5328467153284672	0.26277372262773724	137	NA	NA	NA	FALSE	NA	monoclonal_clean	FALSE	kmer:NA|colony:NA
Cn12601	126	01	clone	FALSE	Fig4	HR	3431	0.1816190221549269	-1.0914486835166723	baseline	monoclonal_clean	high	0	0	0	spread_sub_half	0.22727272727272727	0.13235752102148862	0.6865671641791045	0.13930348258706468	201	haploid	0.9656628201519842	1.7478260869565216	FALSE	NA	monoclonal_clean	FALSE	kmer:haploid|colony:NA
Cn12602	126	02	clone	FALSE	Fig3	HR	3551	0.187971188479203	0.38016751897771733	baseline	monoclonal_clean	high	0	0	0	spread_sub_half	0.2359550561797753	0.15690226372505184	0.6190476190476191	0.14285714285714285	147	haploid	0.9656628201519842	1.7478260869565216	FALSE	NA	monoclonal_clean	FALSE	kmer:haploid|colony:NA
Cn12603	126	03	clone	FALSE	Fig5	HR	3496	0.1850597789139098	-0.2943232404988779	baseline	monoclonal_with_disomy	high	0	1	0	spread_sub_half	0.23711340206185566	0.1444921316165951	0.6335403726708074	0.15527950310559005	161	haploid	0.9656628201519842	1.7478260869565216	FALSE	NA	monoclonal_with_disomy	FALSE	kmer:haploid|colony:NA
Cn126	126	parent	parent	FALSE	NA	HR	3553	0.1880770579179409	0.40469445568595713	baseline	monoclonal_clean	high	0	0	0	spread_sub_half	0.248868778280543	0.17770836758178532	0.5652173913043478	0.1826086956521739	115	haploid	0.9656628201519842	1.7478260869565216	FALSE	NA	monoclonal_clean	FALSE	kmer:haploid|colony:NA
Cn127	127	parent	parent	FALSE	NA	NA	3500	0.18527151779138565	-0.24526936708239827	baseline	monoclonal_clean	high	0	0	0	spread_sub_half	0.25	0.12762064152332275	0.5966386554621849	0.13445378151260504	119	NA	NA	NA	FALSE	NA	monoclonal_clean	FALSE	kmer:NA|colony:NA
Cn12801	128	01	clone	FALSE	Fig4	HR	3357	0.17770185292162333	-1.998945341721546	baseline	monoclonal_with_disomy	high	0	1	0	spread_sub_half	0.2428886902571113	0.09315047048267058	0.7233009708737864	0.13592233009708737	206	haploid	0.9893899204244032	1.2409638554216869	FALSE	NA	monoclonal_with_disomy	FALSE	kmer:haploid|colony:NA
Cn12802	128	02	clone	FALSE	Fig3	HR	3496	0.1850597789139098	-0.2943232404988779	baseline	monoclonal_with_disomy	high	0	1	0	spread_sub_half	0.2334890965732087	0.09778996078266156	0.7440476190476191	0.11904761904761904	168	heterozygous_diploid	0.9893899204244032	1.2409638554216869	FALSE	NA	heterozygous_diploid	FALSE	kmer:heterozygous_diploid|colony:NA
Cn12803	128	03	clone	FALSE	Fig5	HR	3435	0.18183076103240278	-1.0423948101001925	baseline	monoclonal_clean	high	0	0	0	spread_sub_half	0.23419913419913418	0.09989657387292858	0.7014925373134329	0.07462686567164178	134	heterozygous_diploid	0.9893899204244032	1.2409638554216869	FALSE	NA	heterozygous_diploid	FALSE	kmer:heterozygous_diploid|colony:NA
Cn128	128	parent	parent	FALSE	NA	HR	3393	0.17960750281890614	-1.557460480973229	baseline	monoclonal_with_disomy	high	0	1	0	spread_sub_half	0.25106837606837606	0.14468270843418177	0.608433734939759	0.1746987951807229	166	haploid	0.9893899204244032	1.2409638554216869	FALSE	NA	monoclonal_with_disomy	FALSE	kmer:haploid|colony:NA
Cn129	129	parent	parent	FALSE	NA	NA	3357	0.17770185292162333	-1.998945341721546	baseline	monoclonal_clean	high	0	0	0	spread_sub_half	0.27692307692307694	0.19130434782608693	0.5118110236220472	0.2440944881889764	127	NA	NA	NA	FALSE	NA	monoclonal_clean	FALSE	kmer:NA|colony:NA
Cn130	130	parent	parent	FALSE	NA	NA	3458	0.18304825957788903	-0.7603350379554347	baseline	monoclonal_clean	high	0	0	0	spread_sub_half	0.21621621621621623	0.20331034482758614	0.6039603960396039	0.18811881188118812	101	NA	NA	NA	FALSE	NA	monoclonal_clean	FALSE	kmer:NA|colony:NA
Cn131	131	parent	parent	FALSE	NA	NA	3491	0.18479510531706494	-0.3556405822694775	baseline	monoclonal_clean	high	0	0	0	spread_sub_half	0.2682926829268293	0.2198864830775699	0.528	0.296	125	NA	NA	NA	FALSE	NA	monoclonal_clean	FALSE	kmer:NA|colony:NA
Cn132	132	parent	parent	FALSE	NA	NA	3449	0.18257184710356833	-0.8707062531425138	baseline	monoclonal_with_disomy	high	0	1	0	spread_sub_half	0.2777777777777778	0.16724600935127254	0.5033112582781457	0.2119205298013245	151	NA	NA	NA	FALSE	NA	monoclonal_with_disomy	FALSE	kmer:NA|colony:NA
Cn133	133	parent	parent	FALSE	NA	NA	3388	0.17934282922206132	-1.6187778227438285	baseline	monoclonal_clean	high	0	0	0	spread_sub_half	0.2922201138519924	0.16051122790253222	0.4262295081967213	0.22131147540983606	122	NA	NA	NA	FALSE	NA	monoclonal_clean	FALSE	kmer:NA|colony:NA
Cn134	134	parent	parent	FALSE	NA	NA	3422	0.1811426096806062	-1.2018198987037516	baseline	monoclonal_with_disomy	high	0	1	0	spread_sub_half	0.23383084577114427	0.18797399783315275	0.5673758865248227	0.20567375886524822	141	NA	NA	NA	FALSE	NA	monoclonal_with_disomy	FALSE	kmer:NA|colony:NA
Cn135	135	parent	parent	FALSE	NA	NA	3505	0.1855361913882305	-0.1839520253117987	baseline	monoclonal_with_disomy	high	0	1	0	spread_sub_half	0.25663716814159293	0.11828681248284062	0.672514619883041	0.15204678362573099	171	NA	NA	NA	FALSE	NA	monoclonal_with_disomy	FALSE	kmer:NA|colony:NA
Cn136	136	parent	parent	FALSE	NA	NA	3457	0.18299532485852005	-0.7725985063095545	baseline	monoclonal_with_disomy	high	0	1	0	spread_sub_half	0.278673835125448	0.18952736427160982	0.5135135135135135	0.24324324324324326	148	NA	NA	NA	FALSE	NA	monoclonal_with_disomy	FALSE	kmer:NA|colony:NA
Cn137	137	parent	parent	FALSE	NA	NA	3086	0.1633565439726332	-5.322345265688043	baseline	monoclonal_clean	high	0	0	0	spread_sub_half	0.28205128205128205	0.2090909090909091	0.4911242603550296	0.27218934911242604	169	NA	NA	NA	FALSE	NA	monoclonal_clean	FALSE	kmer:NA|colony:NA
Cn138	138	parent	parent	FALSE	NA	NA	3381	0.17897228618647854	-1.7046221012226679	baseline	monoclonal_clean	high	0	0	0	spread_sub_half	0.3037974683544304	0.21589309512885577	0.45925925925925926	0.3111111111111111	135	NA	NA	NA	FALSE	NA	monoclonal_clean	FALSE	kmer:NA|colony:NA
Cn139	139	parent	parent	FALSE	NA	NA	3421	0.18108967496123723	-1.2140833670578715	baseline	monoclonal_clean	high	0	0	0	spread_sub_half	0.2610654132393263	0.1834415242190982	0.5753424657534246	0.1917808219178082	146	NA	NA	NA	FALSE	NA	monoclonal_clean	FALSE	kmer:NA|colony:NA
Cn140	140	parent	parent	FALSE	NA	NA	3403	0.18013685001259583	-1.4348257974320298	baseline	monoclonal_clean	high	0	0	0	spread_sub_half	0.28	0.178763440860215	0.49523809523809526	0.23809523809523808	105	NA	NA	NA	FALSE	NA	monoclonal_clean	FALSE	kmer:NA|colony:NA
Cn141	141	parent	parent	FALSE	NA	NA	3428	0.18146021799682	-1.128239088579032	baseline	monoclonal_clean	high	0	0	0	spread_sub_half	0.25	0.20707070707070713	0.5891472868217055	0.24806201550387597	129	NA	NA	NA	FALSE	NA	monoclonal_clean	FALSE	kmer:NA|colony:NA
Cn142	142	parent	parent	FALSE	NA	NA	3369	0.17833706955405093	-1.851783721472107	baseline	monoclonal_clean	high	0	0	0	spread_sub_half	0.2982456140350877	0.17255434782608692	0.44680851063829785	0.23404255319148937	141	NA	NA	NA	FALSE	NA	monoclonal_clean	FALSE	kmer:NA|colony:NA
Cn143	143	parent	parent	FALSE	NA	NA	3466	0.18347173733284078	-0.6622272911224754	baseline	monoclonal_clean	high	0	0	0	spread_sub_half	0.29166666666666663	0.14880952380952375	0.45864661654135336	0.15037593984962405	133	NA	NA	NA	FALSE	NA	monoclonal_clean	FALSE	kmer:NA|colony:NA
Cn144	144	parent	parent	FALSE	NA	NA	3458	0.18304825957788903	-0.7603350379554347	baseline	monoclonal_clean	high	0	0	0	spread_sub_half	0.2735587583148559	0.17739703989703987	0.5294117647058824	0.19607843137254902	102	NA	NA	NA	FALSE	NA	monoclonal_clean	FALSE	kmer:NA|colony:NA
Cn145	145	parent	parent	FALSE	NA	NA	3470	0.18368347621031664	-0.6131734177059956	baseline	monoclonal_with_disomy	high	0	3	0	spread_sub_half	0.24752475247524752	0.1800614844093105	0.6242774566473989	0.1791907514450867	173	NA	NA	NA	FALSE	NA	monoclonal_with_disomy	FALSE	kmer:NA|colony:NA
Cn146	146	parent	parent	FALSE	NA	NA	3476	0.18400108452653044	-0.5395926075812761	baseline	monoclonal_with_disomy	high	0	3	0	spread_sub_half	0.2422360248447205	0.11580910704362721	0.6423841059602649	0.13245033112582782	151	NA	NA	NA	FALSE	NA	monoclonal_with_disomy	FALSE	kmer:NA|colony:NA
Cn14701	147	01	clone	FALSE	Fig4	control	3562	0.18855347039226164	0.5150656708730363	baseline	localized_het_anomaly	moderate	0	0	1	spread_sub_half	0.32038834951456313	0.16549438144814843	0.3652258377853327	0.27440505099562895	2059	heterozygous_diploid	1.001687289088864	0.9918111753371869	FALSE	NA	heterozygous_diploid	FALSE	kmer:heterozygous_diploid|colony:NA
Cn14702	147	02	clone	FALSE	Fig3	control	3659	0.19368813817105146	1.7046221012226679	baseline	localized_het_anomaly	moderate	0	0	1	spread_sub_half	0.3256880733944954	0.17409270571325902	0.37458033573141486	0.29256594724220625	2085	heterozygous_diploid	1.001687289088864	0.9918111753371869	FALSE	NA	heterozygous_diploid	FALSE	kmer:heterozygous_diploid|colony:NA
Cn14703	147	03	clone	FALSE	Fig5	control	3757	0.19887574066921027	2.9064419999264195	elevated	mixed_infection_likely	moderate	0	1	4	spread_sub_half	0.33333333333333337	0.17437126849558557	0.335817419655333	0.3032137866790871	2147	haploid	1.001687289088864	0.9918111753371869	FALSE	NA	divergent_clone_artifact_marginal	FALSE	kmer:haploid|colony:NA
Cn147	147	parent	parent	FALSE	NA	control	3556	0.1882358620760478	0.4414848607483169	baseline	localized_het_anomaly	moderate	0	0	1	spread_sub_half	0.3258035714285714	0.1679913649068199	0.35452793834296725	0.28082851637764933	2076	heterozygous_diploid	1.001687289088864	0.9918111753371869	FALSE	NA	heterozygous_diploid	FALSE	kmer:heterozygous_diploid|colony:NA
Cn148	148	parent	parent	FALSE	NA	NA	3468	0.1835776067715787	-0.6377003544142354	baseline	monoclonal_clean	high	0	0	0	spread_sub_half	0.22926829268292684	0.2101449275362319	0.5867768595041323	0.23140495867768596	121	NA	NA	NA	FALSE	NA	monoclonal_clean	FALSE	kmer:NA|colony:NA
Cn149	149	parent	parent	FALSE	NA	NA	3383	0.17907815562521648	-1.6800951645144282	baseline	monoclonal_clean	high	0	0	0	spread_sub_half	0.2803347280334728	0.19812480638293653	0.494949494949495	0.1717171717171717	99	NA	NA	NA	FALSE	NA	monoclonal_clean	FALSE	kmer:NA|colony:NA
Cn15001	150	01	clone	FALSE	Fig4	control	4208	0.22274929910461452	8.4372662276345	high	ambiguous_needs_review	low	1	1	0	spread_sub_half	0.32432432432432434	0.1669412271586791	0.3706194690265487	0.2775221238938053	2825	haploid	1.0062171209947393	1.0071301247771836	TRUE	retained	ambiguous_needs_review	FALSE	kmer:haploid|colony:retained
Cn15002	150	02	clone	FALSE	Fig3	control	4303	0.22777809744466643	9.602295721275892	high	mixed_infection_likely	high	0	1	6	spread_sub_half	0.3132530120481928	0.17282717282717275	0.3964248159831756	0.2730459165790396	2853	haploid	1.0062171209947393	1.0071301247771836	TRUE	retained	divergent_clone_artifact	FALSE	kmer:haploid|colony:retained
Cn15003	150	03	clone	FALSE	Fig5	control	4424	0.23418319848831146	11.086175392124401	high	mixed_infection_likely	high	0	0	8	spread_sub_half	0.3157894736842105	0.17049930084097792	0.3857729138166895	0.27393980848153215	2924	haploid	1.0062171209947393	1.0071301247771836	TRUE	retained	divergent_clone_artifact	FALSE	kmer:haploid|colony:retained
Cn150	150	parent	parent	FALSE	NA	control	4182	0.22137299640102137	8.118416050427383	high	mixed_infection_likely	high	0	0	6	spread_sub_half	0.3111111111111111	0.1674546409665818	0.3942959001782531	0.2648841354723708	2805	haploid	1.0062171209947393	1.0071301247771836	TRUE	retained	divergent_clone_artifact	FALSE	kmer:haploid|colony:retained
Cn151	151	parent	parent	FALSE	NA	NA	3407	0.1803485888900717	-1.3857719240155502	baseline	monoclonal_clean	high	0	0	0	spread_sub_half	0.25967447267895694	0.212112112112112	0.5454545454545454	0.25	176	NA	NA	NA	FALSE	NA	monoclonal_clean	FALSE	kmer:NA|colony:NA
Cn152	152	parent	parent	FALSE	NA	NA	3455	0.18288945541978213	-0.7971254430177944	baseline	monoclonal_clean	high	0	0	0	spread_sub_half	0.28125	0.1891774891774892	0.48739495798319327	0.2605042016806723	119	NA	NA	NA	FALSE	NA	monoclonal_clean	FALSE	kmer:NA|colony:NA
Cn153	153	parent	parent	FALSE	NA	NA	3461	0.18320706373599593	-0.7235446328930749	baseline	monoclonal_clean	high	0	0	0	spread_sub_half	0.2752351492961303	0.18588588588588592	0.5405405405405406	0.20270270270270271	148	NA	NA	NA	FALSE	NA	monoclonal_clean	FALSE	kmer:NA|colony:NA
Cn154	154	parent	parent	FALSE	NA	NA	3465	0.1834188026134718	-0.6744907594765952	baseline	monoclonal_clean	high	0	0	0	spread_sub_half	0.2777777777777778	0.19310344827586212	0.504	0.264	125	NA	NA	NA	FALSE	NA	monoclonal_clean	FALSE	kmer:NA|colony:NA
Cn155	155	parent	parent	FALSE	NA	NA	3284	0.17383761840768872	-2.8941785315722997	baseline	monoclonal_clean	high	0	0	0	spread_sub_half	0.2543859649122807	0.20790513833992097	0.5950413223140496	0.2231404958677686	121	NA	NA	NA	FALSE	NA	monoclonal_clean	FALSE	kmer:NA|colony:NA
Cn156	156	parent	parent	FALSE	NA	NA	7460	0.39489300649249626	48.31806531523246	high	mixed_infection_likely	high	0	0	13	spread_sub_half	0.3157894736842105	0.19056654920032526	0.4073640385115795	0.2846734322144158	7686	NA	NA	NA	FALSE	NA	mixture_candidate	TRUE	kmer:NA|colony:NA
Cn157	157	parent	parent	FALSE	NA	NA	3279	0.17357294481084387	-2.9554958733428993	baseline	monoclonal_clean	high	0	0	0	spread_sub_half	0.25	0.16902471231843041	0.5912408759124088	0.16058394160583941	137	NA	NA	NA	FALSE	NA	monoclonal_clean	FALSE	kmer:NA|colony:NA
Cn158	158	parent	parent	FALSE	NA	NA	3399	0.17992511113511994	-1.4838796708485096	baseline	monoclonal_clean	high	0	0	0	spread_sub_half	0.26593891534084313	0.18656599024697185	0.5238095238095238	0.24603174603174602	126	NA	NA	NA	FALSE	NA	monoclonal_clean	FALSE	kmer:NA|colony:NA
Cn159	159	parent	parent	FALSE	NA	NA	3438	0.18198956519050968	-1.005604405037833	baseline	monoclonal_clean	high	0	0	0	spread_sub_half	0.26229508196721313	0.17488134355604237	0.5504587155963303	0.22018348623853212	109	NA	NA	NA	FALSE	NA	monoclonal_clean	FALSE	kmer:NA|colony:NA
Cn16001	160	01	clone	FALSE	Fig4	HR	15467	0.8187413044798177	146.5116564266706	high	ambiguous_needs_review	low	2	0	1	spread_sub_half	0.3157894736842105	0.184979544126242	0.40160517638275367	0.2960866048653021	16073	haploid	0.9678973717146433	0.970767651144531	TRUE	retained	ambiguous_needs_review	FALSE	kmer:haploid|colony:retained
Cn16002	160	02	clone	FALSE	Fig3	HR	16007	0.84732605293906	153.13392933789535	high	mixed_infection_likely	high	0	0	11	spread_sub_half	0.3181818181818182	0.18442984479157948	0.4039985590778098	0.2851825168107589	16656	haploid	0.9678973717146433	0.970767651144531	TRUE	retained	divergent_clone_artifact	FALSE	kmer:haploid|colony:retained
Cn16003	160	03	clone	FALSE	Fig5	HR	15767	0.8346217202905079	150.19069693290658	high	mixed_infection_likely	high	1	0	10	spread_sub_half	0.32075471698113206	0.1894533139816159	0.39513733098890436	0.2928515127629904	16493	haploid	0.9678973717146433	0.970767651144531	TRUE	retained	divergent_clone_artifact	FALSE	kmer:haploid|colony:retained
Cn160	160	parent	parent	FALSE	NA	HR	15980	0.845896815516098	152.80281569233412	high	mixed_infection_likely	high	0	0	10	spread_sub_half	0.3223140495867769	0.18656367041198504	0.39216041553421516	0.2986652171287069	16557	haploid	0.9678973717146433	0.970767651144531	TRUE	retained	divergent_clone_artifact	FALSE	kmer:haploid|colony:retained
Cn161	161	parent	parent	FALSE	NA	NA	3444	0.18230717350672349	-0.9320235949131134	baseline	monoclonal_clean	high	0	0	0	spread_sub_half	0.2631578947368421	0.2018389853873725	0.5454545454545454	0.25252525252525254	99	NA	NA	NA	FALSE	NA	monoclonal_clean	FALSE	kmer:NA|colony:NA
Cn16201	162	01	clone	FALSE	Fig4	HR	3470	0.18368347621031664	-0.6131734177059956	baseline	monoclonal_with_disomy	high	0	1	0	spread_sub_half	0.24320585341859322	0.11352252061373305	0.665	0.12	200	haploid	1.0037604859704947	1.3793103448275863	FALSE	NA	monoclonal_with_disomy	FALSE	kmer:haploid|colony:NA
Cn16202	162	02	clone	FALSE	Fig3	HR	3418	0.18093087080313033	-1.2508737721202312	baseline	monoclonal_clean	high	0	0	0	spread_sub_half	0.2727272727272727	0.19086973632428175	0.5358851674641149	0.22009569377990432	209	haploid	1.0037604859704947	1.3793103448275863	FALSE	NA	monoclonal_clean	FALSE	kmer:haploid|colony:NA
Cn16203	162	03	clone	FALSE	Fig5	HR	3476	0.18400108452653044	-0.5395926075812761	baseline	monoclonal_clean	high	0	0	0	spread_sub_half	0.26636085626911316	0.175324019594833	0.5679012345679012	0.20987654320987653	162	haploid	1.0037604859704947	1.3793103448275863	FALSE	NA	monoclonal_clean	FALSE	kmer:haploid|colony:NA
Cn162	162	parent	parent	FALSE	NA	HR	3457	0.18299532485852005	-0.7725985063095545	baseline	monoclonal_clean	high	0	0	0	spread_sub_half	0.26086956521739135	0.1959183673469388	0.5586206896551724	0.2620689655172414	145	haploid	1.0037604859704947	1.3793103448275863	FALSE	NA	monoclonal_clean	FALSE	kmer:haploid|colony:NA
Cn163	163	parent	parent	FALSE	NA	NA	3589	0.18998270781522375	0.846179316434274	baseline	monoclonal_with_disomy	high	0	1	0	spread_sub_half	0.2916666666666667	0.16199521624049923	0.47058823529411764	0.22994652406417113	187	NA	NA	NA	FALSE	NA	monoclonal_with_disomy	FALSE	kmer:NA|colony:NA
Cn164	164	parent	parent	FALSE	NA	NA	3588	0.1899297730958548	0.8339158480801541	baseline	monoclonal_clean	high	0	0	0	spread_sub_half	0.24296774193548387	0.16280702306231015	0.6481481481481481	0.18518518518518517	108	NA	NA	NA	FALSE	NA	monoclonal_clean	FALSE	kmer:NA|colony:NA
Cn165	165	parent	parent	FALSE	NA	NA	3317	0.17558446414686463	-2.4894840758863426	baseline	monoclonal_clean	high	0	0	0	spread_sub_half	0.26851851851851855	0.18845881519943355	0.504	0.248	125	NA	NA	NA	FALSE	NA	monoclonal_clean	FALSE	kmer:NA|colony:NA
Cn166	166	parent	parent	FALSE	NA	NA	3523	0.1864890163368719	0.03679040506235974	baseline	monoclonal_clean	high	0	0	0	spread_sub_half	0.25263157894736843	0.20681818181818185	0.5913978494623656	0.27956989247311825	93	NA	NA	NA	FALSE	NA	monoclonal_clean	FALSE	kmer:NA|colony:NA
Cn167	167	parent	parent	FALSE	NA	NA	3393	0.17960750281890614	-1.557460480973229	baseline	monoclonal_clean	high	0	0	0	spread_sub_half	0.2857142857142857	0.15688772938092355	0.49019607843137253	0.21568627450980393	102	NA	NA	NA	FALSE	NA	monoclonal_clean	FALSE	kmer:NA|colony:NA
Cn168	168	parent	parent	FALSE	NA	NA	3508	0.1856949955463374	-0.14716162024943896	baseline	monoclonal_clean	high	0	0	0	spread_sub_half	0.2777777777777778	0.15893883567831113	0.5068493150684932	0.1917808219178082	146	NA	NA	NA	FALSE	NA	monoclonal_clean	FALSE	kmer:NA|colony:NA
Cn16901	169	01	clone	FALSE	Fig4	control	3543	0.18754771072425125	0.282059772144758	baseline	monoclonal_with_disomy	high	0	1	0	spread_sub_half	0.26406926406926406	0.16855835988072945	0.5449101796407185	0.20958083832335328	167	haploid	0.9866332497911445	1.0774193548387097	FALSE	NA	monoclonal_with_disomy	FALSE	kmer:haploid|colony:NA
Cn16902	169	02	clone	FALSE	Fig3	control	3400	0.17997804585448893	-1.4716162024943895	baseline	monoclonal_clean	high	0	0	0	spread_sub_half	0.2569444444444444	0.17163469831875905	0.5826771653543307	0.15748031496062992	127	haploid	0.9866332497911445	1.0774193548387097	FALSE	NA	monoclonal_clean	FALSE	kmer:haploid|colony:NA
Cn16903	169	03	clone	FALSE	Fig5	control	3591	0.1900885772539617	0.8707062531425138	baseline	monoclonal_clean	high	0	0	0	spread_sub_half	0.2505506607929515	0.16518016676593208	0.5898876404494382	0.1404494382022472	178	haploid	0.9866332497911445	1.0774193548387097	FALSE	NA	monoclonal_clean	FALSE	kmer:haploid|colony:NA
Cn169b	169	parent	parent	FALSE	NA	control	3608	0.19098846748323411	1.0791852151625523	baseline	monoclonal_clean	high	0	0	0	spread_sub_half	0.230353170189099	0.15833995809927046	0.6341463414634146	0.15853658536585366	164	NA	0.9866332497911445	1.0774193548387097	FALSE	NA	monoclonal_clean	FALSE	kmer:NA|colony:NA
Cn169	169	parent	parent	FALSE	NA	control	3591	0.1900885772539617	0.8707062531425138	baseline	monoclonal_clean	high	0	0	0	spread_sub_half	0.23376623376623373	0.12076230935898186	0.6645161290322581	0.14838709677419354	155	haploid	0.9866332497911445	1.0774193548387097	FALSE	NA	monoclonal_clean	FALSE	kmer:haploid|colony:NA
Cn170	170	parent	parent	FALSE	NA	NA	3521	0.18638314689813396	0.012263468354119914	baseline	monoclonal_clean	high	0	0	0	spread_sub_half	0.29411764705882354	0.1859504132231405	0.4484848484848485	0.296969696969697	165	NA	NA	NA	FALSE	NA	monoclonal_clean	FALSE	kmer:NA|colony:NA
Cn171	171	parent	parent	FALSE	NA	NA	3551	0.187971188479203	0.38016751897771733	baseline	monoclonal_clean	high	0	0	0	spread_sub_half	0.2767393561786085	0.22909226190476192	0.5067567567567568	0.33783783783783783	148	NA	NA	NA	FALSE	NA	monoclonal_clean	FALSE	kmer:NA|colony:NA
Cn172	172	parent	parent	FALSE	NA	NA	3477	0.1840540192458994	-0.5273291392271563	baseline	monoclonal_clean	high	0	0	0	spread_sub_half	0.2535211267605634	0.16030592155081022	0.5698924731182796	0.16129032258064516	93	NA	NA	NA	FALSE	NA	monoclonal_clean	FALSE	kmer:NA|colony:NA
Cn173	173	parent	parent	FALSE	NA	NA	3488	0.18463630115895804	-0.39243098733183723	baseline	monoclonal_clean	high	0	0	0	spread_sub_half	0.2545343137254902	0.16025398954658004	0.582089552238806	0.20149253731343283	134	NA	NA	NA	FALSE	NA	monoclonal_clean	FALSE	kmer:NA|colony:NA
Cn17401	174	01	clone	FALSE	Fig4	control	3456	0.1829423901391511	-0.7848619746636745	baseline	monoclonal_with_disomy	high	0	3	0	spread_sub_half	0.25	0.13838373156204015	0.5952380952380952	0.1598639455782313	294	haploid	0.9916786226685796	1.4482758620689655	FALSE	NA	monoclonal_with_disomy	FALSE	kmer:haploid|colony:NA
Cn17402	174	02	clone	FALSE	Fig3	control	3486	0.1845304317202201	-0.41695792404007703	baseline	monoclonal_with_disomy	high	0	1	0	spread_sub_half	0.28270042194092826	0.1525184460171661	0.4838709677419355	0.18433179723502305	217	haploid	0.9916786226685796	1.4482758620689655	FALSE	NA	monoclonal_with_disomy	FALSE	kmer:haploid|colony:NA
Cn17403	174	03	clone	FALSE	Fig5	control	3428	0.18146021799682	-1.128239088579032	baseline	monoclonal_clean	high	0	0	0	spread_sub_half	0.28846153846153844	0.16312636165577343	0.47717842323651455	0.17012448132780084	241	haploid	0.9916786226685796	1.4482758620689655	FALSE	NA	monoclonal_clean	FALSE	kmer:haploid|colony:NA
Cn174	174	parent	parent	FALSE	NA	control	3485	0.18447749700085114	-0.429221392394197	baseline	monoclonal_with_disomy	high	0	1	0	spread_sub_half	0.319634703196347	0.1877916000095509	0.3793103448275862	0.26108374384236455	203	haploid	0.9916786226685796	1.4482758620689655	FALSE	NA	monoclonal_with_disomy	FALSE	kmer:haploid|colony:NA
Cn175	175	parent	parent	FALSE	NA	NA	3602	0.1906708591670203	1.005604405037833	baseline	monoclonal_clean	high	0	0	0	spread_sub_half	0.2584269662921348	0.17916170987537905	0.5882352941176471	0.2184873949579832	119	NA	NA	NA	FALSE	NA	monoclonal_clean	FALSE	kmer:NA|colony:NA
Cn176	176	parent	parent	FALSE	NA	NA	3808	0.20157541135702758	3.531878885986535	elevated	mixed_infection_possible	moderate	0	0	0	spread_sub_half	0.18583762707143853	0.0734215784215784	0.8409090909090909	0.10227272727272728	264	NA	NA	NA	FALSE	NA	mixture_candidate	TRUE	kmer:NA|colony:NA
Cn177	177	parent	parent	FALSE	NA	NA	3583	0.18966509949900995	0.7725985063095545	baseline	monoclonal_clean	high	0	0	0	spread_sub_half	0.2222222222222222	0.11436211798152099	0.734375	0.0546875	128	NA	NA	NA	FALSE	NA	monoclonal_clean	FALSE	kmer:NA|colony:NA
Cn178	178	parent	parent	FALSE	NA	NA	3551	0.187971188479203	0.38016751897771733	baseline	monoclonal_clean	high	0	0	0	spread_sub_half	0.2153846153846154	0.15279922779922783	0.7094017094017094	0.19658119658119658	117	NA	NA	NA	FALSE	NA	monoclonal_clean	FALSE	kmer:NA|colony:NA
Cn179	179	parent	parent	FALSE	NA	NA	3616	0.19141194523818586	1.1772929619955117	baseline	monoclonal_clean	high	0	0	0	spread_sub_half	0.2589928057553957	0.18691844553913517	0.5882352941176471	0.2222222222222222	153	NA	NA	NA	FALSE	NA	monoclonal_clean	FALSE	kmer:NA|colony:NA
Cn180	180	parent	parent	FALSE	NA	NA	3527	0.18670075521434779	0.0858442784788394	baseline	monoclonal_clean	high	0	0	0	spread_sub_half	0.2609657560600231	0.19318181818181818	0.6326530612244898	0.23469387755102042	98	NA	NA	NA	FALSE	NA	monoclonal_clean	FALSE	kmer:NA|colony:NA
Cn181	181	parent	parent	FALSE	NA	NA	3686	0.19511737559401357	2.0357357467839057	elevated	mixed_infection_possible	moderate	0	0	0	spread_sub_half	0.1923018822320916	0.14831284902273634	0.735632183908046	0.1206896551724138	174	NA	NA	NA	FALSE	NA	mixture_candidate	TRUE	kmer:NA|colony:NA
Cn182	182	parent	parent	FALSE	NA	NA	3651	0.19326466041609972	1.6065143543897087	baseline	monoclonal_clean	high	0	0	0	spread_sub_half	0.21081384360973304	0.12870914629287838	0.7	0.12857142857142856	140	NA	NA	NA	FALSE	NA	monoclonal_clean	FALSE	kmer:NA|colony:NA
Cn183	183	parent	parent	FALSE	NA	NA	3696	0.19564672278770326	2.1583704303251046	elevated	mixed_infection_possible	moderate	0	0	0	spread_sub_half	0.21739130434782605	0.17647058823529416	0.6870229007633588	0.19083969465648856	131	NA	NA	NA	FALSE	NA	mixture_candidate	TRUE	kmer:NA|colony:NA
Cn184	184	parent	parent	FALSE	NA	NA	3664	0.1939528117678963	1.7659394429932675	baseline	monoclonal_with_disomy	high	0	1	0	spread_sub_half	0.2256483238456673	0.14298565884558864	0.6605504587155964	0.10550458715596331	218	NA	NA	NA	FALSE	NA	monoclonal_with_disomy	FALSE	kmer:NA|colony:NA
Cn185	185	parent	parent	FALSE	NA	NA	3708	0.19628193942013086	2.3055320505745436	elevated	mixed_infection_possible	moderate	0	1	0	spread_sub_half	0.23815298507462684	0.16388664693749438	0.6491228070175439	0.12280701754385964	228	NA	NA	NA	FALSE	NA	mixture_candidate	TRUE	kmer:NA|colony:NA
Cn186	186	parent	parent	FALSE	NA	NA	3673	0.194429224242217	1.8763106581803468	baseline	monoclonal_clean	high	0	0	0	spread_sub_half	0.20444444444444446	0.10372484784249492	0.7484662576687117	0.13496932515337423	163	NA	NA	NA	FALSE	NA	monoclonal_clean	FALSE	kmer:NA|colony:NA
Cn187	187	parent	parent	FALSE	NA	NA	3547	0.1877594496017271	0.3311136455612377	baseline	monoclonal_with_disomy	high	0	2	0	spread_sub_half	0.2698412698412698	0.14891474602819427	0.5605095541401274	0.14012738853503184	157	NA	NA	NA	FALSE	NA	monoclonal_with_disomy	FALSE	kmer:NA|colony:NA
Cn188	188	parent	parent	FALSE	NA	NA	3614	0.19130607579944792	1.1527660252872718	baseline	monoclonal_with_disomy	high	0	1	0	spread_sub_half	0.21875	0.11980316993058165	0.7241379310344828	0.10658307210031348	319	NA	NA	NA	FALSE	NA	monoclonal_with_disomy	FALSE	kmer:NA|colony:NA
Cn189	189	parent	parent	FALSE	NA	NA	3684	0.19501150615527565	2.011208810075666	elevated	mixed_infection_possible	moderate	0	0	0	spread_sub_half	0.23645320197044334	0.1215962441314554	0.6598984771573604	0.1218274111675127	197	NA	NA	NA	FALSE	NA	mixture_candidate	TRUE	kmer:NA|colony:NA
Cn190	190	parent	parent	FALSE	NA	NA	3589	0.18998270781522375	0.846179316434274	baseline	monoclonal_clean	high	0	0	0	spread_sub_half	0.20353982300884957	0.11096256684491979	0.7669172932330827	0.09022556390977443	133	NA	NA	NA	FALSE	NA	monoclonal_clean	FALSE	kmer:NA|colony:NA
Cn191	191	parent	parent	FALSE	NA	NA	3422	0.1811426096806062	-1.2018198987037516	baseline	monoclonal_with_disomy	high	0	1	0	spread_sub_half	0.24	0.18671328671328677	0.5836575875486382	0.1828793774319066	257	NA	NA	NA	FALSE	NA	monoclonal_with_disomy	FALSE	kmer:NA|colony:NA
Cn192	192	parent	parent	FALSE	NA	NA	3703	0.19601726582328602	2.2442147088039444	elevated	mixed_infection_possible	moderate	0	1	0	spread_sub_half	0.21182983682983686	0.10914658628047119	0.7479338842975206	0.07024793388429752	242	NA	NA	NA	FALSE	NA	mixture_candidate	TRUE	kmer:NA|colony:NA
Cn193	193	parent	parent	FALSE	NA	NA	1684	0.08914206741734099	-22.51572789816416	baseline	monoclonal_with_disomy	high	0	1	0	spread_sub_half	0.319047619047619	0.1699953717282279	0.38235294117647056	0.28633217993079585	1156	NA	NA	NA	FALSE	NA	monoclonal_with_disomy	FALSE	kmer:NA|colony:NA
Cn194	194	parent	parent	FALSE	NA	NA	3647	0.19305292153862386	1.557460480973229	baseline	monoclonal_clean	high	0	0	0	spread_sub_half	0.22477064220183487	0.1339481774264383	0.7024793388429752	0.15702479338842976	121	NA	NA	NA	FALSE	NA	monoclonal_clean	FALSE	kmer:NA|colony:NA
Cn195	195	parent	parent	FALSE	NA	NA	3596	0.1903532508508065	0.9320235949131134	baseline	monoclonal_clean	high	0	0	0	spread_sub_half	0.26492869875222813	0.19248414651890292	0.5633802816901409	0.20422535211267606	142	NA	NA	NA	FALSE	NA	monoclonal_clean	FALSE	kmer:NA|colony:NA
Cn19601	196	01	clone	FALSE	Fig4	R	3593	0.1901944466926996	0.8952331898507537	baseline	monoclonal_clean	high	0	0	0	spread_sub_half	0.245807962529274	0.14190662408481605	0.6164383561643836	0.1506849315068493	146	haploid	1.003631284916201	0.7373737373737373	FALSE	NA	monoclonal_clean	FALSE	kmer:haploid|colony:NA
Cn19602	196	02	clone	FALSE	Fig3	R	3539	0.1873359718467754	0.23300589872827834	baseline	monoclonal_clean	high	0	0	0	spread_sub_half	0.2604578858111928	0.12690573770491803	0.6625	0.13125	160	haploid	1.003631284916201	0.7373737373737373	FALSE	NA	monoclonal_clean	FALSE	kmer:haploid|colony:NA
Cn19603	196	03	clone	FALSE	Fig5	R	3597	0.1904061855701755	0.9442870632672333	baseline	monoclonal_clean	high	0	0	0	spread_sub_half	0.22857853500808356	0.1817392746572313	0.6153846153846154	0.18269230769230768	104	NA	1.003631284916201	0.7373737373737373	FALSE	NA	monoclonal_clean	FALSE	kmer:NA|colony:NA
Cn196	196	parent	parent	FALSE	NA	R	3580	0.18950629534090305	0.7358081012471948	baseline	monoclonal_with_disomy	high	0	1	0	spread_sub_half	0.2371031746031746	0.12901486640264487	0.6818181818181818	0.13131313131313133	198	haploid	1.003631284916201	0.7373737373737373	FALSE	NA	monoclonal_with_disomy	FALSE	kmer:haploid|colony:NA
Cn19701	197	01	clone	FALSE	Fig4	R	3560	0.1884476009535237	0.49053873416479654	baseline	monoclonal_with_disomy	high	0	1	0	spread_sub_half	0.22908715012722647	0.1500533525729674	0.6781609195402298	0.12643678160919541	174	haploid	0.9595687331536388	0.6770428015564203	TRUE	retained	monoclonal_with_disomy	FALSE	kmer:haploid|colony:retained
Cn19702	197	02	clone	FALSE	Fig3	R	3466	0.18347173733284078	-0.6622272911224754	baseline	monoclonal_with_disomy	high	0	2	0	spread_sub_half	0.25	0.16175813665053262	0.5935483870967742	0.2	155	haploid	0.9595687331536388	0.6770428015564203	TRUE	retained	monoclonal_with_disomy	FALSE	kmer:haploid|colony:retained
Cn19703	197	03	clone	FALSE	Fig5	R	3670	0.1942704200841101	1.839520253117987	baseline	monoclonal_with_disomy	high	0	1	0	spread_sub_half	0.2295081967213115	0.17835365853658536	0.6424242424242425	0.19393939393939394	165	NA	0.9595687331536388	0.6770428015564203	TRUE	retained	monoclonal_with_disomy	FALSE	kmer:NA|colony:retained
Cn197	197	parent	parent	FALSE	NA	R	3710	0.1963878088588688	2.3300589872827837	elevated	mixed_infection_possible	moderate	0	3	0	spread_sub_half	0.22297297297297297	0.11884834281888179	0.7159533073929961	0.1245136186770428	257	haploid	0.9595687331536388	0.6770428015564203	TRUE	retained	divergent_clone_artifact_marginal	FALSE	kmer:haploid|colony:retained
Cn19801	198	01	clone	FALSE	Fig4	R	3665	0.19400574648726526	1.7782029113473874	baseline	monoclonal_clean	high	0	0	0	spread_sub_half	0.20262877544556734	0.08128692321928851	0.808641975308642	0.1111111111111111	162	haploid	1.018621456364647	1.0188679245283019	FALSE	NA	monoclonal_clean	FALSE	kmer:haploid|colony:NA
Cn19802	198	02	clone	FALSE	Fig3	R	3478	0.18410695396526838	-0.5150656708730363	baseline	monoclonal_clean	high	0	0	0	spread_sub_half	0.26576576576576577	0.1982129090912128	0.5546218487394958	0.25210084033613445	119	haploid	1.018621456364647	1.0188679245283019	FALSE	NA	monoclonal_clean	FALSE	kmer:haploid|colony:NA
Cn19803	198	03	clone	FALSE	Fig5	R	3638	0.19257650906430315	1.4470892657861498	baseline	monoclonal_clean	high	0	0	0	spread_sub_half	0.23684210526315788	0.1567406792557239	0.6993464052287581	0.17647058823529413	153	NA	1.018621456364647	1.0188679245283019	FALSE	NA	monoclonal_clean	FALSE	kmer:NA|colony:NA
Cn198	198	parent	parent	FALSE	NA	R	3598	0.19045912028954445	0.9565505316213533	baseline	monoclonal_with_disomy	high	0	3	0	spread_sub_half	0.23076923076923078	0.1071428571428571	0.7358490566037735	0.14465408805031446	159	haploid	1.018621456364647	1.0188679245283019	FALSE	NA	monoclonal_with_disomy	FALSE	kmer:haploid|colony:NA
Cn199	199	parent	parent	FALSE	NA	NA	3658	0.1936352034516825	1.692358632868548	baseline	monoclonal_with_disomy	high	0	1	0	spread_sub_half	0.2418261562998405	0.11424245188613003	0.6213592233009708	0.11650485436893204	206	NA	NA	NA	FALSE	NA	monoclonal_with_disomy	FALSE	kmer:NA|colony:NA
Cn200	200	parent	parent	FALSE	NA	NA	3579	0.18945336062153406	0.7235446328930749	baseline	monoclonal_clean	high	0	0	0	spread_sub_half	0.19598765432098764	0.11750725104737347	0.7380952380952381	0.1349206349206349	126	NA	NA	NA	FALSE	NA	monoclonal_clean	FALSE	kmer:NA|colony:NA
Cn201	201	parent	parent	FALSE	NA	NA	3414	0.18071913192565447	-1.2999276455367108	baseline	monoclonal_clean	high	0	0	0	spread_sub_half	0.26420581655480985	0.1897109978540181	0.5616438356164384	0.21232876712328766	146	NA	NA	NA	FALSE	NA	monoclonal_clean	FALSE	kmer:NA|colony:NA
Cn202	202	parent	parent	FALSE	NA	NA	3397	0.17981924169638203	-1.5084066075567493	baseline	monoclonal_clean	high	0	0	0	spread_sub_half	0.2719568567026194	0.12404853787481601	0.5245901639344263	0.1885245901639344	122	NA	NA	NA	FALSE	NA	monoclonal_clean	FALSE	kmer:NA|colony:NA
Cn203	203	parent	parent	FALSE	NA	NA	3592	0.19014151197333065	0.8829697214966338	baseline	monoclonal_clean	high	0	0	0	spread_sub_half	0.21961555264307558	0.1640042263888797	0.6857142857142857	0.18571428571428572	140	NA	NA	NA	FALSE	NA	monoclonal_clean	FALSE	kmer:NA|colony:NA
Cn204	204	parent	parent	FALSE	NA	NA	3745	0.19824052403678266	2.7592803796769805	elevated	mixed_infection_possible	moderate	0	0	0	spread_sub_half	0.20370723521110645	0.12006222943722941	0.7180851063829787	0.16489361702127658	188	NA	NA	NA	FALSE	NA	mixture_candidate	TRUE	kmer:NA|colony:NA
Cn205	205	parent	parent	FALSE	NA	NA	3550	0.187918253759834	0.3679040506235974	baseline	monoclonal_clean	high	0	0	0	spread_sub_half	0.2753623188405797	0.20187081547795938	0.5107913669064749	0.20863309352517986	139	NA	NA	NA	FALSE	NA	monoclonal_clean	FALSE	kmer:NA|colony:NA
Cn206	206	parent	parent	FALSE	NA	NA	3520	0.186330212178765	0	baseline	monoclonal_clean	high	0	0	0	spread_sub_half	0.22018348623853212	0.09888211382113823	0.7522123893805309	0.12389380530973451	113	NA	NA	NA	FALSE	NA	monoclonal_clean	FALSE	kmer:NA|colony:NA
Cn207	207	parent	parent	FALSE	NA	NA	3620	0.19162368411566175	1.2263468354119913	baseline	monoclonal_clean	high	0	0	0	spread_sub_half	0.21428571428571427	0.1446083320847335	0.6687116564417178	0.1165644171779141	163	NA	NA	NA	FALSE	NA	monoclonal_clean	FALSE	kmer:NA|colony:NA
Cn20801	208	01	clone	FALSE	Fig4	HR	3797	0.20099312944396894	3.396980734091216	elevated	mixed_infection_possible	moderate	0	0	0	spread_sub_half	0.23348017621145378	0.13655083655083655	0.6866359447004609	0.17972350230414746	217	haploid	1.0541365907828983	1.4965517241379311	FALSE	NA	divergent_clone_artifact_marginal	FALSE	kmer:haploid|colony:NA
Cn20802	208	02	clone	FALSE	Fig3	HR	3691	0.19538204919085841	2.0970530885545053	elevated	mixed_infection_possible	moderate	0	0	0	spread_sub_half	0.264	0.16943595620066207	0.5480225988700564	0.2033898305084746	177	haploid	1.0541365907828983	1.4965517241379311	FALSE	NA	divergent_clone_artifact_marginal	FALSE	kmer:haploid|colony:NA
Cn20803	208	03	clone	FALSE	Fig5	HR	3575	0.1892416217440582	0.6744907594765952	baseline	monoclonal_clean	high	0	0	0	spread_sub_half	0.2619949494949495	0.15890770430016782	0.6052631578947368	0.21578947368421053	190	haploid	1.0541365907828983	1.4965517241379311	FALSE	NA	monoclonal_clean	FALSE	kmer:haploid|colony:NA
Cn208	208	parent	parent	FALSE	NA	HR	3602	0.1906708591670203	1.005604405037833	baseline	monoclonal_clean	high	0	0	0	spread_sub_half	0.2766990291262136	0.18709677419354837	0.503448275862069	0.22758620689655173	145	haploid	1.0541365907828983	1.4965517241379311	FALSE	NA	monoclonal_clean	FALSE	kmer:haploid|colony:NA
Cn209	209	parent	parent	FALSE	NA	NA	3483	0.1843716275621132	-0.4537483291024368	baseline	monoclonal_clean	high	0	0	0	spread_sub_half	0.22548600726340529	0.11895004640830029	0.7121212121212122	0.15151515151515152	198	NA	NA	NA	FALSE	NA	monoclonal_clean	FALSE	kmer:NA|colony:NA
Cn210	210	parent	parent	FALSE	NA	NA	3409	0.18045445832880963	-1.3612449873073105	baseline	monoclonal_with_disomy	high	0	1	0	spread_sub_half	0.24173913043478262	0.12725562211934183	0.6379310344827587	0.14942528735632185	174	NA	NA	NA	FALSE	NA	monoclonal_with_disomy	FALSE	kmer:NA|colony:NA
Cn211	211	parent	parent	FALSE	NA	NA	3795	0.20088726000523102	3.3724537973829762	elevated	mixed_infection_possible	moderate	0	0	0	spread_sub_half	0.20568090249798548	0.0713841040511081	0.8061224489795918	0.08163265306122448	392	NA	NA	NA	FALSE	NA	mixture_candidate	TRUE	kmer:NA|colony:NA
Cn212	212	parent	parent	FALSE	NA	NA	3529	0.1868066246530857	0.11037121518707922	baseline	monoclonal_clean	high	0	0	0	spread_sub_half	0.25	0.14061296357433695	0.6396396396396397	0.18018018018018017	111	NA	NA	NA	FALSE	NA	monoclonal_clean	FALSE	kmer:NA|colony:NA
Cn21301	213	01	clone	FALSE	Fig4	HR	3497	0.18511271363327875	-0.282059772144758	baseline	monoclonal_clean	high	0	0	0	spread_sub_half	0.2658959537572254	0.1864774114774115	0.5454545454545454	0.20320855614973263	187	haploid	1.0118634259259258	1.1265060240963856	FALSE	NA	monoclonal_clean	FALSE	kmer:haploid|colony:NA
Cn21302	213	02	clone	FALSE	Fig3	HR	3658	0.1936352034516825	1.692358632868548	baseline	monoclonal_clean	high	0	0	0	spread_sub_half	0.21761658031088082	0.12597330367074527	0.7252747252747253	0.14652014652014653	273	haploid	1.0118634259259258	1.1265060240963856	FALSE	NA	monoclonal_clean	FALSE	kmer:haploid|colony:NA
Cn21303	213	03	clone	FALSE	Fig5	HR	3485	0.18447749700085114	-0.429221392394197	baseline	monoclonal_clean	high	0	0	0	spread_sub_half	0.26842316169104385	0.21093829678735343	0.5217391304347826	0.266304347826087	184	haploid	1.0118634259259258	1.1265060240963856	FALSE	NA	monoclonal_clean	FALSE	kmer:haploid|colony:NA
Cn213	213	parent	parent	FALSE	NA	HR	3456	0.1829423901391511	-0.7848619746636745	baseline	monoclonal_clean	high	0	0	0	spread_sub_half	0.256483238456673	0.19274021560095383	0.5783132530120482	0.2289156626506024	166	haploid	1.0118634259259258	1.1265060240963856	FALSE	NA	monoclonal_clean	FALSE	kmer:haploid|colony:NA
Cn214	214	parent	parent	FALSE	NA	NA	3487	0.18458336643958909	-0.40469445568595713	baseline	monoclonal_clean	high	0	0	0	spread_sub_half	0.24	0.11204481792717086	0.648	0.144	125	NA	NA	NA	FALSE	NA	monoclonal_clean	FALSE	kmer:NA|colony:NA
Cn21501	215	01	clone	FALSE	Fig4	HR	3425	0.1813014138387131	-1.1650294936413919	baseline	monoclonal_with_disomy	high	0	6	0	spread_sub_half	0.23333333333333334	0.11511822307141151	0.6929460580912863	0.0954356846473029	241	het_low_confidence	1.004988262910798	2.802325581395349	FALSE	NA	monoclonal_with_disomy	FALSE	kmer:het_low_confidence|colony:NA
Cn21502	215	02	clone	FALSE	Fig3	HR	3562	0.18855347039226164	0.5150656708730363	baseline	monoclonal_clean	high	0	0	0	spread_sub_half	0.22727272727272727	0.09999363952124954	0.75	0.08928571428571429	112	haploid	1.004988262910798	2.802325581395349	FALSE	NA	monoclonal_clean	FALSE	kmer:haploid|colony:NA
Cn21503	215	03	clone	FALSE	Fig5	HR	3491	0.18479510531706494	-0.3556405822694775	baseline	monoclonal_with_disomy	high	0	2	0	spread_sub_half	0.23	0.11443298969072163	0.6896551724137931	0.12413793103448276	145	haploid	1.004988262910798	2.802325581395349	FALSE	NA	monoclonal_with_disomy	FALSE	kmer:haploid|colony:NA
Cn215	215	parent	parent	FALSE	NA	HR	3408	0.18040152360944067	-1.3735084556614303	baseline	monoclonal_with_disomy	high	0	3	0	spread_sub_half	0.2222222222222222	0.19678413400758527	0.6627906976744186	0.23255813953488372	86	haploid	1.004988262910798	2.802325581395349	FALSE	NA	monoclonal_with_disomy	FALSE	kmer:haploid|colony:NA
Cn216	216	parent	parent	FALSE	NA	NA	3645	0.1929470520998859	1.5329335442649892	baseline	monoclonal_with_disomy	high	0	1	0	spread_sub_half	0.2398190045248869	0.135356921166977	0.6108374384236454	0.15270935960591134	203	NA	NA	NA	FALSE	NA	monoclonal_with_disomy	FALSE	kmer:NA|colony:NA
Cn21701	217	01	clone	FALSE	Fig4	HR	3508	0.1856949955463374	-0.14716162024943896	baseline	monoclonal_with_disomy	high	0	2	0	spread_sub_half	0.2422680412371134	0.10589912169687149	0.68	0.11428571428571428	175	haploid	0.985947161326588	1.7857142857142858	FALSE	NA	monoclonal_with_disomy	FALSE	kmer:haploid|colony:NA
Cn21702	217	02	clone	FALSE	Fig3	HR	3519	0.18627727745939604	-0.012263468354119914	baseline	monoclonal_clean	high	0	0	0	spread_sub_half	0.24519230769230768	0.1693249736317825	0.6036036036036037	0.17117117117117117	111	haploid	0.985947161326588	1.7857142857142858	FALSE	NA	monoclonal_clean	FALSE	kmer:haploid|colony:NA
Cn21703	217	03	clone	FALSE	Fig5	HR	3481	0.18426575812337528	-0.47827526581067664	baseline	monoclonal_clean	high	0	0	0	spread_sub_half	0.225	0.22149921915668921	0.5779816513761468	0.26605504587155965	109	haploid	0.985947161326588	1.7857142857142858	FALSE	NA	monoclonal_clean	FALSE	kmer:haploid|colony:NA
Cn217	217	parent	parent	FALSE	NA	HR	3558	0.18834173151478575	0.4660117974565567	baseline	monoclonal_clean	high	0	0	0	spread_sub_half	0.22447099825740602	0.13132285616580197	0.6632653061224489	0.11224489795918367	98	haploid	0.985947161326588	1.7857142857142858	FALSE	NA	monoclonal_clean	FALSE	kmer:haploid|colony:NA
Cn218	218	parent	parent	FALSE	NA	NA	3680	0.19479976727779977	1.9621549366591862	baseline	monoclonal_clean	high	0	0	0	spread_sub_half	0.2102702056432329	0.11188712750468768	0.7647058823529411	0.08823529411764706	136	NA	NA	NA	FALSE	NA	monoclonal_clean	FALSE	kmer:NA|colony:NA
Cn219	219	parent	parent	FALSE	NA	NA	1456	0.07707295140121644	-25.3117986829035	baseline	monoclonal_with_disomy	high	0	1	0	spread_sub_half	0.30718842560947823	0.17856781449873857	0.41932059447983017	0.25796178343949044	942	NA	NA	NA	FALSE	NA	monoclonal_with_disomy	FALSE	kmer:NA|colony:NA
Cn220	220	parent	parent	FALSE	NA	NA	1408	0.074532084871506	-25.900445163901257	baseline	monoclonal_with_disomy	high	0	1	0	spread_sub_half	0.3111431103234382	0.16892316771147742	0.4142212189616253	0.2708803611738149	886	NA	NA	NA	FALSE	NA	monoclonal_with_disomy	FALSE	kmer:NA|colony:NA
Cn221	221	parent	parent	FALSE	NA	NA	3435	0.18183076103240278	-1.0423948101001925	baseline	monoclonal_clean	high	0	0	0	spread_sub_half	0.2406896551724138	0.20080407872473063	0.6517857142857143	0.16964285714285715	112	NA	NA	NA	FALSE	NA	monoclonal_clean	FALSE	kmer:NA|colony:NA
Cn222	222	parent	parent	FALSE	NA	NA	3590	0.1900356425345927	0.858442784788394	baseline	monoclonal_with_disomy	high	0	1	0	spread_sub_half	0.2631578947368421	0.11956803659427984	0.5613207547169812	0.1509433962264151	212	NA	NA	NA	FALSE	NA	monoclonal_with_disomy	FALSE	kmer:NA|colony:NA
Cn223	223	parent	parent	FALSE	NA	NA	3830	0.20273997518314488	3.801675189777173	elevated	mixed_infection_possible	moderate	0	0	0	spread_sub_half	0.21781789638932497	0.1664470635251472	0.6666666666666666	0.15625	192	NA	NA	NA	FALSE	NA	mixture_candidate	TRUE	kmer:NA|colony:NA
Cn224	224	parent	parent	FALSE	NA	NA	3683	0.19495857143590667	1.998945341721546	baseline	monoclonal_clean	high	0	0	0	spread_sub_half	0.21651785714285715	0.15886502791717633	0.6384615384615384	0.16923076923076924	130	NA	NA	NA	FALSE	NA	monoclonal_clean	FALSE	kmer:NA|colony:NA
Cn22501	225	01	clone	FALSE	Fig4	control	3521	0.18638314689813396	0.012263468354119914	baseline	monoclonal_clean	high	0	0	0	spread_sub_half	0.22685185185185186	0.16453537936913903	0.6277372262773723	0.1897810218978102	137	haploid	0.9620218579234973	0.9448275862068966	FALSE	NA	monoclonal_clean	FALSE	kmer:haploid|colony:NA
Cn22502	225	02	clone	FALSE	Fig3	control	3511	0.1858537997044443	-0.11037121518707922	baseline	monoclonal_clean	high	0	0	0	spread_sub_half	0.23529411764705882	0.10258505351681957	0.6790123456790124	0.12962962962962962	162	haploid	0.9620218579234973	0.9448275862068966	FALSE	NA	monoclonal_clean	FALSE	kmer:haploid|colony:NA
Cn22503	225	03	clone	FALSE	Fig5	control	3516	0.18611847330128914	-0.049053873416479654	baseline	monoclonal_clean	high	0	0	0	spread_sub_half	0.25	0.1274509803921568	0.6356589147286822	0.17829457364341086	129	haploid	0.9620218579234973	0.9448275862068966	FALSE	NA	monoclonal_clean	FALSE	kmer:haploid|colony:NA
Cn225	225	parent	parent	FALSE	NA	control	3660	0.19374107289042042	1.716885569576788	baseline	monoclonal_clean	high	0	0	0	spread_sub_half	0.22872340425531915	0.132996632996633	0.6551724137931034	0.14482758620689656	145	haploid	0.9620218579234973	0.9448275862068966	FALSE	NA	monoclonal_clean	FALSE	kmer:haploid|colony:NA
Cn22601	226	01	clone	FALSE	Fig4	control	3419	0.1809838055224993	-1.2386103037661111	baseline	monoclonal_with_disomy	high	0	1	0	spread_sub_half	0.25543735224586284	0.12481964070697057	0.6071428571428571	0.11071428571428571	280	haploid	1.0085545722713865	1.6374269005847952	FALSE	NA	monoclonal_with_disomy	FALSE	kmer:haploid|colony:NA
Cn22602	226	02	clone	FALSE	Fig3	control	3637	0.19252357434493417	1.4348257974320298	baseline	monoclonal_clean	high	0	0	0	spread_sub_half	0.23213272830402723	0.14217957048011964	0.672	0.108	250	haploid	1.0085545722713865	1.6374269005847952	FALSE	NA	monoclonal_clean	FALSE	kmer:haploid|colony:NA
Cn22603	226	03	clone	FALSE	Fig5	control	3357	0.17770185292162333	-1.998945341721546	baseline	monoclonal_clean	high	0	0	0	spread_sub_half	0.28846153846153844	0.18254751324345356	0.4873417721518987	0.24050632911392406	158	haploid	1.0085545722713865	1.6374269005847952	FALSE	NA	monoclonal_clean	FALSE	kmer:haploid|colony:NA
Cn226	226	parent	parent	FALSE	NA	control	3390	0.17944869866079924	-1.5942508860355888	baseline	monoclonal_clean	high	0	0	0	spread_sub_half	0.2620689655172414	0.1658467302336879	0.5555555555555556	0.2046783625730994	171	haploid	1.0085545722713865	1.6374269005847952	FALSE	NA	monoclonal_clean	FALSE	kmer:haploid|colony:NA
CnH9901	H99	01	clone	TRUE	Fig4	standard	286	0.015139329739524657	-39.6600566572238	baseline	monoclonal_clean	high	0	0	0	spread_sub_half	0.2980769230769231	0.1239610963748895	0.4394904458598726	0.15286624203821655	157	haploid	0.9285714285714286	0.9075144508670521	FALSE	NA	reference_H99	FALSE	kmer:haploid|colony:NA
CnH9902	H99	02	clone	TRUE	Fig3	standard	263	0.013921831194038408	-39.94211642936856	baseline	monoclonal_clean	high	0	0	0	spread_sub_half	0.2968036529680365	0.1264068854629717	0.4	0.19310344827586207	145	haploid	0.9285714285714286	0.9075144508670521	FALSE	NA	reference_H99	FALSE	kmer:haploid|colony:NA
CnH9903	H99	03	clone	TRUE	Fig5	standard	288	0.015245199178262591	-39.63552972051556	baseline	monoclonal_clean	high	0	0	0	spread_sub_half	0.28804347826086957	0.1361177348101302	0.4779874213836478	0.11949685534591195	159	haploid	0.9285714285714286	0.9075144508670521	FALSE	NA	reference_H99	FALSE	kmer:haploid|colony:NA
CnH99	H99	parent	parent	TRUE	NA	standard	308	0.016303893565641936	-39.39026035343316	baseline	monoclonal_clean	high	0	0	0	spread_sub_half	0.2694063926940639	0.16194648354250532	0.5433526011560693	0.15606936416184972	173	haploid	0.9285714285714286	0.9075144508670521	FALSE	NA	reference_H99	FALSE	kmer:haploid|colony:NA
