image,well,roi_area,raw_mean,raw_median,raw_intden,mean_gray,median_gray,sd_gray,min_gray,max_gray,intden_gray,cv_gray,dark_frac_40,dark_frac_60,dark_frac_80
000blank_crop,TL,477851.000,23.386,23.000,11174964.000,37.656,36.000,11.461,0.000,125.000,17993825.000,0.304376,77.817,99.888,99.969

000blank_crop,TM,503920.000,12.831,13.000,6465605.000,27.707,27.000,8.891,0.000,83.000,13962063.000,0.320904,92.860,99.538,99.998

000blank_crop,TR,484526.000,26.822,26.000,12996069.000,39.709,39.000,8.548,0.000,120.000,19239983.000,0.215255,58.340,97.578,99.979

000blank_crop,BL,475902.000,29.903,29.000,14230713.000,42.539,42.000,8.795,0.000,87.000,20244288.000,0.206762,43.271,96.436,99.991

000blank_crop,BM,495156.000,23.523,23.000,11647318.000,36.803,37.000,7.918,0.000,74.000,18223309.000,0.215133,69.709,99.612,100.000

000blank_crop,BR,463304.000,29.650,29.000,13736959.000,42.367,41.000,9.024,0.000,113.000,19629023.000,0.212984,44.933,96.126,99.743

10101_crop,TL,477851.000,81.299,82.000,38848765.000,103.104,106.000,25.224,0.000,169.000,49268564.000,0.244647,25.017,28.771,37.219

10101_crop,TM,503920.000,42.451,46.000,21391814.000,100.010,108.000,51.142,0.000,217.000,50397284.000,0.511367,16.716,24.379,33.353

10101_crop,TR,484526.000,52.980,57.000,25670167.000,104.686,113.000,46.199,0.000,207.000,50723054.000,0.441309,12.369,19.242,27.744

10101_crop,BL,475902.000,77.203,79.000,36741126.000,105.231,109.000,29.001,0.000,175.000,50079838.000,0.275594,3.459,8.475,17.626

10101_crop,BM,495156.000,48.784,52.000,24155654.000,104.533,111.000,47.082,0.000,213.000,51760273.000,0.450402,12.406,19.949,29.647

10101_crop,BR,463304.000,45.810,49.000,21223890.000,102.290,108.000,47.157,0.000,212.000,47391593.000,0.461009,13.161,20.862,30.506

10601_crop,TL,477851.000,75.004,77.000,35840829.000,99.469,102.000,24.489,0.000,175.000,47531584.000,0.246198,24.905,28.396,36.376

10601_crop,TM,503920.000,56.527,59.000,28485174.000,97.514,102.000,34.695,0.000,190.000,49139355.000,0.355792,8.282,15.015,26.510

10601_crop,TR,484526.000,60.090,63.000,29115165.000,98.788,103.000,35.420,0.000,197.000,47865478.000,0.358548,7.819,14.353,25.963

10601_crop,BL,475902.000,59.805,62.000,28461521.000,102.576,108.000,38.353,0.000,205.000,48815954.000,0.373903,8.339,15.106,25.683

10601_crop,BM,495156.000,66.447,69.000,32901538.000,104.426,109.000,36.951,0.000,204.000,51706939.000,0.353848,6.948,13.477,23.974

10601_crop,BR,463304.000,79.661,82.000,36907456.000,109.121,114.000,34.599,0.000,208.000,50556269.000,0.317068,4.611,10.099,19.103

12601_crop,TL,477851.000,77.178,79.000,36879763.000,102.981,107.000,25.277,0.000,172.000,49209795.000,0.245450,25.739,29.168,34.945

12601_crop,TM,503920.000,47.051,51.000,23709877.000,99.164,106.000,41.631,0.000,197.000,49970945.000,0.419815,11.787,18.885,29.039

12601_crop,TR,484526.000,67.136,70.000,32529239.000,102.275,108.000,31.833,0.000,184.000,49554726.000,0.311247,5.850,11.408,20.293

12601_crop,BL,475902.000,64.150,67.000,30529015.000,103.073,108.000,34.130,0.000,190.000,49052488.000,0.331127,6.553,12.529,21.923

12601_crop,BM,495156.000,71.713,74.000,35509252.000,104.426,109.000,31.070,0.000,181.000,51707196.000,0.297531,4.767,10.299,19.372

12601_crop,BR,463304.000,65.119,68.000,30170001.000,104.150,109.000,36.557,0.000,201.000,48253285.000,0.351004,7.121,13.365,22.891

12801_crop,TL,477851.000,73.151,77.000,34955043.000,109.746,116.000,39.209,0.000,205.000,52442013.000,0.357273,28.550,33.029,39.324

12801_crop,TM,503920.000,82.691,85.000,41669423.000,111.635,117.000,35.144,0.000,201.000,56255090.000,0.314813,4.501,9.914,17.939

12801_crop,TR,484526.000,76.800,80.000,37211638.000,111.468,117.000,40.899,0.000,210.000,54009269.000,0.366908,6.947,12.840,20.827

12801_crop,BL,475902.000,77.439,80.000,36853302.000,110.816,116.000,37.570,0.000,198.000,52737481.000,0.339035,5.819,11.815,20.091

12801_crop,BM,495156.000,26.955,25.000,13346892.000,48.165,42.000,23.118,0.000,166.000,23849229.000,0.479977,45.787,78.044,89.706

12801_crop,BR,463304.000,27.282,27.000,12639800.000,40.428,39.000,10.440,0.000,115.000,18730251.000,0.258247,56.889,95.807,98.993

14701_crop,TL,477851.000,84.344,86.000,40303762.000,104.444,106.000,24.965,0.000,182.000,49908901.000,0.239029,24.075,26.214,33.265

14701_crop,TM,503920.000,55.965,60.000,28201770.000,102.543,109.000,42.254,0.000,218.000,51673493.000,0.412059,10.833,17.352,26.573

14701_crop,TR,484526.000,71.001,74.000,34401674.000,105.386,110.000,35.717,0.000,206.000,51062074.000,0.338921,6.033,11.871,21.520

14701_crop,BL,475902.000,67.587,71.000,32164936.000,105.779,111.000,38.671,0.000,205.000,50340219.000,0.365585,7.675,13.731,22.621

14701_crop,BM,495156.000,47.126,50.000,23334690.000,104.323,110.000,48.716,0.000,219.000,51656115.000,0.466976,12.966,20.934,30.913

14701_crop,BR,463304.000,48.071,51.000,22271278.000,102.667,107.000,47.972,0.000,226.000,47565844.000,0.467262,12.639,20.921,31.581

15001_crop,TL,477851.000,65.733,69.000,31410680.000,107.076,114.000,39.425,0.000,210.000,51166403.000,0.368198,28.380,33.195,40.340

15001_crop,TM,503920.000,30.934,32.000,15588235.000,86.992,90.000,51.917,0.000,204.000,43837142.000,0.596796,23.373,33.702,44.569

15001_crop,TR,484526.000,48.985,53.000,23734365.000,105.643,112.000,50.370,0.000,219.000,51186958.000,0.476790,13.818,21.316,30.211

15001_crop,BL,475902.000,62.482,65.000,29735136.000,105.424,111.000,40.198,0.000,210.000,50171374.000,0.381300,8.378,15.622,25.628

15001_crop,BM,495156.000,31.564,31.000,15629258.000,86.081,85.000,45.733,0.000,199.000,42623431.000,0.531277,18.594,31.614,46.070

15001_crop,BR,463304.000,48.201,49.000,22331569.000,103.075,105.000,48.212,0.000,220.000,47755039.000,0.467733,12.312,21.656,33.166

16001_crop,TL,477851.000,87.947,89.000,42025701.000,103.602,105.000,19.623,0.000,174.000,49506291.000,0.189410,23.576,24.358,30.626

16001_crop,TM,503920.000,93.371,94.000,47051759.000,107.386,109.000,20.160,0.000,179.000,54113874.000,0.187731,0.634,2.010,8.349

16001_crop,TR,484526.000,71.725,74.000,34752575.000,98.853,101.000,28.471,0.000,187.000,47896615.000,0.288010,3.732,8.916,22.229

16001_crop,BL,475902.000,63.114,66.000,30036238.000,100.495,105.000,34.273,0.000,190.000,47825874.000,0.341037,6.954,13.352,24.262

16001_crop,BM,495156.000,23.141,23.000,11458253.000,36.189,36.000,7.884,0.000,114.000,17919157.000,0.217866,73.565,99.387,99.987

16001_crop,BR,463304.000,23.605,23.000,10936096.000,36.788,36.000,8.916,0.000,95.000,17044040.000,0.242359,71.690,98.241,99.997

16201_crop,TL,477851.000,64.754,68.000,30942900.000,106.115,113.000,40.249,0.000,204.000,50706931.000,0.379298,29.489,34.715,41.553

16201_crop,TM,503920.000,56.893,61.000,28669387.000,104.454,112.000,43.626,0.000,214.000,52636566.000,0.417653,11.014,17.706,26.574

16201_crop,TR,484526.000,57.637,61.000,27926792.000,104.124,111.000,42.321,0.000,207.000,50450661.000,0.406444,10.436,17.132,26.226

16201_crop,BL,475902.000,62.913,66.000,29940498.000,106.984,114.000,41.886,0.000,201.000,50913699.000,0.391520,9.168,15.688,24.479

16201_crop,BM,495156.000,64.083,66.000,31730958.000,99.415,103.000,32.782,0.000,202.000,49225720.000,0.329745,6.023,12.462,24.854

16201_crop,BR,463304.000,72.163,74.000,33433552.000,103.623,107.000,31.091,0.000,199.000,48009093.000,0.300038,4.885,9.680,18.634

16901_crop,TL,477851.000,85.479,86.000,40846402.000,96.544,97.000,14.642,0.000,154.000,46133797.000,0.151665,23.892,24.653,29.656

16901_crop,TM,503920.000,56.796,60.000,28620747.000,91.761,94.000,28.972,0.000,189.000,46240424.000,0.315727,6.180,12.502,28.774

16901_crop,TR,484526.000,83.634,84.000,40522646.000,99.412,100.000,19.202,0.000,172.000,48167833.000,0.193158,0.908,3.133,12.939

16901_crop,BL,475902.000,77.427,80.000,36847509.000,101.481,105.000,25.498,0.000,174.000,48294982.000,0.251256,2.958,7.018,16.393

16901_crop,BM,495156.000,63.123,64.000,31255781.000,120.667,122.000,66.101,0.000,254.000,59748875.000,0.547801,14.683,22.910,31.343

16901_crop,BR,463304.000,26.991,11.000,12504899.000,57.892,31.000,55.654,0.000,217.000,26821779.000,0.961332,55.331,63.202,69.546

17401_crop,TL,477851.000,63.980,67.000,30573025.000,109.319,114.000,46.395,0.000,231.000,52238321.000,0.424403,31.523,36.890,43.900

17401_crop,TM,503920.000,57.206,60.000,28827140.000,105.270,110.000,48.451,0.000,222.000,53047774.000,0.460255,12.137,19.371,29.298

17401_crop,TR,484526.000,68.111,71.000,33001459.000,105.019,109.000,39.505,0.000,208.000,50884222.000,0.376172,7.634,14.153,24.703

17401_crop,BL,475902.000,68.798,71.000,32741204.000,103.766,108.000,35.183,0.000,202.000,49382619.000,0.339061,6.058,12.473,23.391

17401_crop,BM,495156.000,60.013,63.000,29715985.000,102.855,106.000,40.223,0.000,211.000,50929354.000,0.391061,8.629,15.658,26.908

17401_crop,BR,463304.000,60.283,63.000,27929450.000,103.809,110.000,40.067,0.000,204.000,48095255.000,0.385968,9.102,15.860,25.540

19601_crop,TL,477851.000,106.058,108.000,50680038.000,121.679,125.000,23.926,0.000,185.000,58144297.000,0.196632,24.152,25.348,27.910

19601_crop,TM,503920.000,78.158,82.000,39385313.000,113.130,120.000,35.867,0.000,213.000,57008265.000,0.317043,5.656,10.606,16.908

19601_crop,TR,484526.000,90.815,94.000,44002061.000,115.802,122.000,29.411,0.000,182.000,56108965.000,0.253979,2.744,6.415,11.990

19601_crop,BL,475902.000,95.636,98.000,45513427.000,116.831,121.000,27.222,0.000,182.000,55600219.000,0.233003,1.944,4.753,9.965

19601_crop,BM,495156.000,98.683,101.000,48863280.000,118.180,123.000,26.146,0.000,184.000,58517654.000,0.221235,1.337,3.965,9.156

19601_crop,BR,463304.000,96.703,100.000,44803050.000,119.614,126.000,29.218,2.000,185.000,55417737.000,0.244266,2.061,5.532,10.963

19701_crop,TL,477851.000,82.028,86.000,39197122.000,112.729,119.000,31.831,0.000,184.000,53867716.000,0.282368,27.397,31.482,36.415

19701_crop,TM,503920.000,86.806,90.000,43743298.000,116.044,123.000,31.865,0.000,181.000,58476744.000,0.274595,3.800,7.923,13.562

19701_crop,TR,484526.000,88.326,91.000,42796132.000,114.407,120.000,28.090,0.000,177.000,55433350.000,0.245529,2.665,6.412,11.974

19701_crop,BL,475902.000,90.296,94.000,42972091.000,117.965,125.000,30.389,1.000,179.000,56139827.000,0.257613,2.921,6.928,12.556

19701_crop,BM,495156.000,91.737,95.000,45423935.000,119.155,127.000,32.248,4.000,187.000,59000497.000,0.270642,3.183,7.563,13.311

19701_crop,BR,463304.000,83.487,86.000,38679945.000,109.848,113.000,30.866,3.000,187.000,50893134.000,0.280987,3.277,7.613,15.346

19801_crop,TL,477851.000,77.019,81.000,36803522.000,108.463,115.000,31.138,0.000,193.000,51829092.000,0.287080,26.504,30.305,35.580

19801_crop,TM,503920.000,83.138,86.000,41894657.000,112.955,120.000,31.576,0.000,189.000,56920344.000,0.279544,4.186,8.427,14.322

19801_crop,TR,484526.000,71.615,78.000,34699144.000,115.855,127.000,44.594,0.000,209.000,56134711.000,0.384913,8.990,14.588,21.087

19801_crop,BL,475902.000,76.048,82.000,36191626.000,117.278,128.000,43.212,0.000,203.000,55812733.000,0.368462,7.934,13.716,20.247

19801_crop,BM,495156.000,77.908,84.000,38576610.000,119.741,132.000,44.892,0.000,219.000,59290507.000,0.374912,8.017,13.901,20.412

19801_crop,BR,463304.000,88.484,93.000,40995117.000,119.319,128.000,35.903,3.000,190.000,55281201.000,0.300901,4.507,9.427,15.508

20801_crop,TL,477851.000,86.207,87.000,41194070.000,104.939,107.000,24.067,0.000,171.000,50145045.000,0.229344,25.914,28.321,33.495

20801_crop,TM,503920.000,60.887,64.000,30682237.000,104.510,110.000,40.687,0.000,209.000,52664928.000,0.389314,9.019,15.497,24.963

20801_crop,TR,484526.000,51.842,54.000,25118891.000,105.421,109.000,48.980,0.000,225.000,51079268.000,0.464608,12.134,20.353,30.909

20801_crop,BL,475902.000,44.044,41.000,20960679.000,98.166,92.000,52.452,0.000,239.000,46717208.000,0.534324,14.552,27.633,41.969

20801_crop,BM,495156.000,38.282,36.000,18955372.000,80.396,76.000,40.158,0.000,214.000,39808633.000,0.499505,16.809,35.281,54.587

20801_crop,BR,463304.000,32.683,31.000,15142035.000,54.912,51.000,21.646,0.000,147.000,25441080.000,0.394185,27.264,66.804,87.315

21301_crop,TL,477851.000,66.119,70.000,31595057.000,114.127,120.000,50.859,0.000,233.000,54535879.000,0.445635,32.247,37.753,44.075

21301_crop,TM,503920.000,67.953,73.000,34242865.000,111.980,118.000,47.905,0.000,227.000,56428928.000,0.427801,10.212,16.877,25.015

21301_crop,TR,484526.000,63.182,67.000,30613514.000,113.066,120.000,52.242,0.000,235.000,54783489.000,0.462045,12.110,19.042,26.994

21301_crop,BL,475902.000,57.677,60.000,27448602.000,109.044,113.000,50.455,0.000,235.000,51894307.000,0.462704,11.694,19.377,29.110

21301_crop,BM,495156.000,55.830,57.000,27644352.000,105.488,108.000,47.739,0.000,226.000,52232958.000,0.452558,11.228,19.737,30.763

21301_crop,BR,463304.000,23.631,22.000,10948540.000,68.819,63.000,45.560,0.000,196.000,31884071.000,0.662022,31.974,47.946,61.296

21501_crop,TL,477851.000,48.623,52.000,23234530.000,106.227,113.000,50.386,0.000,219.000,50760904.000,0.474321,33.586,39.444,46.287

21501_crop,TM,503920.000,34.309,36.000,17288941.000,92.579,99.000,51.005,0.000,212.000,46652388.000,0.550932,19.829,28.467,38.628

21501_crop,TR,484526.000,49.897,54.000,24176538.000,103.693,110.000,46.752,0.000,212.000,50241744.000,0.450868,12.693,19.546,28.331

21501_crop,BL,475902.000,81.541,84.000,38805412.000,109.694,114.000,32.429,0.000,189.000,52203607.000,0.295636,3.905,8.898,16.931

21501_crop,BM,495156.000,47.849,51.000,23692722.000,102.155,108.000,44.987,0.000,210.000,50582512.000,0.440379,12.138,19.703,29.667

21501_crop,BR,463304.000,42.909,46.000,19879815.000,102.515,109.000,53.380,0.000,225.000,47495830.000,0.520701,16.663,24.734,33.638

21701_crop,TL,477851.000,69.787,74.000,33347554.000,107.237,113.000,38.240,0.000,203.000,51243113.000,0.356598,29.161,33.746,40.072

21701_crop,TM,503920.000,67.253,72.000,33890182.000,115.327,124.000,52.702,0.000,226.000,58115423.000,0.456978,11.896,18.579,26.041

21701_crop,TR,484526.000,55.716,59.000,26995612.000,117.604,121.000,66.033,0.000,252.000,56982403.000,0.561480,16.304,24.127,32.296

21701_crop,BL,475902.000,35.967,29.000,17116739.000,71.066,57.000,44.655,0.000,208.000,33820670.000,0.628357,29.629,53.135,67.339

21701_crop,BM,495156.000,19.820,17.000,9814013.000,38.022,31.000,21.691,0.000,150.000,18826665.000,0.570491,72.642,86.775,92.853

21701_crop,BR,463304.000,24.049,23.000,11141864.000,37.590,36.000,11.397,0.000,126.000,17415674.000,0.303182,70.730,95.102,99.179

22501_crop,TL,477851.000,84.214,87.000,40241715.000,106.655,110.000,25.804,0.000,174.000,50965069.000,0.241941,25.049,27.598,32.813

22501_crop,TM,503920.000,37.144,37.000,18717782.000,97.194,96.000,56.865,0.000,240.000,48977820.000,0.585065,19.164,29.196,40.618

22501_crop,TR,484526.000,47.237,48.000,22887720.000,107.560,108.000,56.061,0.000,237.000,52115604.000,0.521204,14.472,22.846,33.098

22501_crop,BL,475902.000,46.876,47.000,22308450.000,97.497,96.000,46.149,0.000,232.000,46398796.000,0.473338,12.183,22.807,37.021

22501_crop,BM,495156.000,30.916,29.000,15308449.000,57.270,53.000,25.758,0.000,176.000,28357387.000,0.449775,28.731,61.704,82.229

22501_crop,BR,463304.000,25.818,25.000,11961563.000,40.200,38.000,11.754,0.000,124.000,18624617.000,0.292400,58.392,94.042,99.091

22601_crop,TL,477851.000,74.364,78.000,35534788.000,105.206,108.000,33.201,0.000,213.000,50273019.000,0.315583,28.021,32.185,38.741

22601_crop,TM,503920.000,46.318,50.000,23340654.000,104.164,111.000,50.654,0.000,231.000,52490541.000,0.486293,14.434,21.786,30.642

22601_crop,TR,484526.000,76.319,79.000,36978458.000,108.780,113.000,35.245,0.000,193.000,52706855.000,0.323998,5.357,10.610,18.736

22601_crop,BL,475902.000,60.308,65.000,28700874.000,111.823,119.000,50.159,0.000,230.000,53216646.000,0.448557,11.602,18.588,26.429

22601_crop,BM,495156.000,35.647,34.000,17650990.000,93.616,90.000,52.607,0.000,236.000,46354279.000,0.561948,17.867,30.273,43.654

22601_crop,BR,463304.000,25.645,24.000,11881631.000,39.970,38.000,12.517,0.000,124.000,18518046.000,0.313165,60.705,93.390,98.596

H9901_crop,TL,477851.000,90.864,91.000,43419635.000,102.309,103.000,15.803,0.000,158.000,48888647.000,0.154466,23.657,24.399,28.197

H9901_crop,TM,503920.000,71.548,72.000,36054311.000,94.821,97.000,22.352,0.000,155.000,47782187.000,0.235733,2.230,7.305,22.356

H9901_crop,TR,484526.000,80.446,81.000,38978387.000,99.439,101.000,21.019,0.000,166.000,48180875.000,0.211373,1.014,4.520,16.234

H9901_crop,BL,475902.000,87.607,89.000,41692298.000,106.048,108.000,21.969,0.000,172.000,50468558.000,0.207159,0.760,3.755,11.743

H9901_crop,BM,495156.000,84.196,86.000,41690175.000,108.365,112.000,28.839,0.000,188.000,53657818.000,0.266131,2.547,6.952,15.328

H9901_crop,BR,463304.000,64.613,70.000,29935667.000,112.580,119.000,49.901,0.000,234.000,52158776.000,0.443246,10.672,17.459,25.366

