sample	gs_heterozygous_ab	gs_model_fit	gs_haploid_len	smudge_ploidy	verdict_hint
Cn101	0%	97.6187%	10,068,899bp	NA	haploid-like (het~0)
Cn106	0%	97.4354%	9,675,221bp	NA	haploid-like (het~0)
Cn126	0%	97.5662%	9,654,041bp	NA	haploid-like (het~0)
Cn128	0.0389918%	87.0621%	22,365,681bp	NA	haploid-like (het~0)
Cn147	11.4674%	96.5004%	10,263,251bp	NA	diploid/het candidate
Cn150	0%	97.7767%	9,996,004bp	NA	haploid-like (het~0)
Cn160	0.00306901%	95.2944%	20,819,986bp	NA	haploid-like (het~0)
Cn162	0%	97.5493%	9,778,822bp	NA	haploid-like (het~0)
Cn169	0%	97.3114%	9,612,828bp	NA	haploid-like (het~0)
Cn174	0%	97.5092%	9,831,602bp	NA	haploid-like (het~0)
Cn196	0.0177112%	83.2283%	21,676,811bp	NA	haploid-like (het~0)
Cn197	0.0415074%	70.2814%	21,097,178bp	NA	haploid-like (het~0)
Cn198	0%	71.4661%	21,065,929bp	NA	haploid-like (het~0)
Cn208	0%	97.171%	9,608,516bp	NA	haploid-like (het~0)
Cn213	0%	96.8775%	10,080,067bp	NA	haploid-like (het~0)
Cn215	0%	92.9452%	19,930,226bp	NA	haploid-like (het~0)
Cn217	0%	97.1202%	10,067,833bp	NA	haploid-like (het~0)
Cn225	0%	97.1481%	9,894,842bp	NA	haploid-like (het~0)
Cn226	0%	97.5605%	9,838,959bp	NA	haploid-like (het~0)
Cn10101	0.00931595%	95.1799%	23,527,569bp	NA	haploid-like (het~0)
Cn10102	0%	97.4572%	10,056,636bp	NA	haploid-like (het~0)
Cn10103	0%	97.345%	10,230,386bp	NA	haploid-like (het~0)
Cn10601	0.011483%	89.7564%	22,738,157bp	NA	haploid-like (het~0)
Cn10602	0%	97.3442%	9,840,868bp	NA	haploid-like (het~0)
Cn10603	0%	97.5994%	10,087,919bp	NA	haploid-like (het~0)
Cn12601	0.00669221%	95.0857%	22,481,556bp	NA	haploid-like (het~0)
Cn12602	0%	96.9879%	10,046,026bp	NA	haploid-like (het~0)
Cn12603	0%	97.021%	10,377,632bp	NA	haploid-like (het~0)
Cn12801	0.0192146%	92.7566%	23,745,592bp	NA	haploid-like (het~0)
Cn12802	7.9379%	96.7848%	10,981,809bp	NA	diploid/het candidate
Cn12803	9.92317%	96.9382%	10,577,945bp	NA	diploid/het candidate
Cn14701	11.4624%	96.6942%	10,482,094bp	NA	diploid/het candidate
Cn14702	11.7964%	96.415%	10,330,517bp	NA	diploid/het candidate
Cn14703	0%	97.77%	10,162,648bp	NA	haploid-like (het~0)
Cn15001	0.0281695%	79.6192%	26,136,706bp	NA	haploid-like (het~0)
Cn15002	0%	97.0102%	9,997,933bp	NA	haploid-like (het~0)
Cn15003	0%	97.5822%	10,151,349bp	NA	haploid-like (het~0)
Cn16001	0.0124713%	86.2603%	25,223,079bp	NA	haploid-like (het~0)
Cn16002	0%	96.0431%	10,363,016bp	NA	haploid-like (het~0)
Cn16003	0%	96.1043%	10,527,874bp	NA	haploid-like (het~0)
Cn16201	0.0093515%	93.4781%	22,829,949bp	NA	haploid-like (het~0)
Cn16202	0%	97.5921%	9,779,479bp	NA	haploid-like (het~0)
Cn16203	0%	97.8348%	10,057,546bp	NA	haploid-like (het~0)
Cn16901	0%	97.3624%	9,870,082bp	NA	haploid-like (het~0)
Cn16902	0%	97.2271%	9,817,776bp	NA	haploid-like (het~0)
Cn16903	0%	97.3132%	9,903,396bp	NA	haploid-like (het~0)
Cn17401	0.0247883%	87.4187%	25,670,498bp	NA	haploid-like (het~0)
Cn17402	0%	97.4083%	10,125,105bp	NA	haploid-like (het~0)
Cn17403	0%	97.2751%	10,153,630bp	NA	haploid-like (het~0)
Cn19601	0%	97.4016%	9,949,561bp	NA	haploid-like (het~0)
Cn19602	0%	97.5674%	9,865,671bp	NA	haploid-like (het~0)
Cn19603	0%	97.3831%	9,805,813bp	NA	haploid-like (het~0)
Cn19701	0%	86.3574%	20,750,273bp	NA	haploid-like (het~0)
Cn19702	0%	80.5421%	20,739,890bp	NA	haploid-like (het~0)
Cn19703	0%	86.1671%	20,514,354bp	NA	haploid-like (het~0)
Cn19801	0%	97.2335%	9,864,582bp	NA	haploid-like (het~0)
Cn19802	0%	97.3985%	9,757,414bp	NA	haploid-like (het~0)
Cn19803	0%	96.8215%	9,653,143bp	NA	haploid-like (het~0)
Cn20801	0%	97.5058%	10,107,387bp	NA	haploid-like (het~0)
Cn20802	0%	97.5124%	9,935,118bp	NA	haploid-like (het~0)
Cn20803	0%	97.5838%	9,906,688bp	NA	haploid-like (het~0)
Cn21301	0%	97.3509%	9,909,970bp	NA	haploid-like (het~0)
Cn21302	0%	97.4623%	10,034,100bp	NA	haploid-like (het~0)
Cn21303	0%	97.2929%	9,990,545bp	NA	haploid-like (het~0)
Cn21501	2.93529%	50.1252%	14,099,947bp	NA	diploid/het candidate
Cn21502	0%	97.3929%	9,790,794bp	NA	haploid-like (het~0)
Cn21503	0.0472678%	97.1654%	10,261,248bp	NA	haploid-like (het~0)
Cn21701	0.0106171%	95.0964%	23,618,130bp	NA	haploid-like (het~0)
Cn21702	0%	97.157%	10,181,253bp	NA	haploid-like (het~0)
Cn21703	0%	97.4808%	10,146,270bp	NA	haploid-like (het~0)
Cn22501	0%	97.2397%	10,249,230bp	NA	haploid-like (het~0)
Cn22502	0%	97.1732%	10,164,095bp	NA	haploid-like (het~0)
Cn22503	0%	97.1351%	10,140,955bp	NA	haploid-like (het~0)
Cn22601	0.0136366%	94.728%	24,456,125bp	NA	haploid-like (het~0)
Cn22602	0%	96.93%	10,115,349bp	NA	haploid-like (het~0)
Cn22603	0%	97.5407%	9,964,763bp	NA	haploid-like (het~0)
CnH99	0%	98.1437%	10,025,836bp	NA	haploid-like (het~0)
CnH9901	0.0101075%	95.0106%	23,656,352bp	NA	haploid-like (het~0)
CnH9902	0%	97.6182%	10,301,373bp	NA	haploid-like (het~0)
CnH9903	0%	97.8095%	10,316,227bp	NA	haploid-like (het~0)
